# hook	type	priority	accepted_args	callback	params	source	gate	active	fire_args	fire_match	status
bit_integrations_acpt_associate_taxonomy_to_cpt	filter	10	3	BitApps\IntegrationsPro\Actions\ACPT\ACPTProHelper::associateTaxonomyToCPT	3/3	backend/Actions/ACPT/Hooks.php	all	yes	3	exact	ok
bit_integrations_acpt_create_option_page	filter	10	4	BitApps\IntegrationsPro\Actions\ACPT\ACPTProHelper::createTaxonomyOrOptionPage	4/4	backend/Actions/ACPT/Hooks.php	all	yes	4	exact	ok
bit_integrations_acpt_create_taxonomy	filter	10	4	BitApps\IntegrationsPro\Actions\ACPT\ACPTProHelper::createTaxonomyOrOptionPage	4/4	backend/Actions/ACPT/Hooks.php	all	yes	4	exact	ok
bit_integrations_acpt_delete_cpt	filter	10	3	BitApps\IntegrationsPro\Actions\ACPT\ACPTProHelper::delete	3/3	backend/Actions/ACPT/Hooks.php	all	yes	3	exact	ok
bit_integrations_acpt_delete_dynamic_block	filter	10	3	BitApps\IntegrationsPro\Actions\ACPT\ACPTProHelper::delete	3/3	backend/Actions/ACPT/Hooks.php	all	yes	3	exact	ok
bit_integrations_acpt_delete_meta_group	filter	10	3	BitApps\IntegrationsPro\Actions\ACPT\ACPTProHelper::delete	3/3	backend/Actions/ACPT/Hooks.php	all	yes	3	exact	ok
bit_integrations_acpt_delete_option_page	filter	10	3	BitApps\IntegrationsPro\Actions\ACPT\ACPTProHelper::delete	3/3	backend/Actions/ACPT/Hooks.php	all	yes	3	exact	ok
bit_integrations_acpt_delete_taxonomy	filter	10	3	BitApps\IntegrationsPro\Actions\ACPT\ACPTProHelper::delete	3/3	backend/Actions/ACPT/Hooks.php	all	yes	3	exact	ok
bit_integrations_acpt_update_cpt	filter	10	4	BitApps\IntegrationsPro\Actions\ACPT\ACPTProHelper::update	4/4	backend/Actions/ACPT/Hooks.php	all	yes	4	exact	ok
bit_integrations_acpt_update_option_page	filter	10	4	BitApps\IntegrationsPro\Actions\ACPT\ACPTProHelper::update	4/4	backend/Actions/ACPT/Hooks.php	all	yes	4	exact	ok
bit_integrations_acpt_update_taxonomy	filter	10	4	BitApps\IntegrationsPro\Actions\ACPT\ACPTProHelper::update	4/4	backend/Actions/ACPT/Hooks.php	all	yes	4	exact	ok
bit_integrations_addRoleCapabilities	filter	10	2	BitApps\IntegrationsPro\Actions\Registration\RegistrationHelperPro::addRoleCapabilities	2/2	backend/Actions/Registration/Hooks.php	all	yes	2	folder	ok
bit_integrations_addUserCapabilities	filter	10	2	BitApps\IntegrationsPro\Actions\Registration\RegistrationHelperPro::addUserCapabilities	2/2	backend/Actions/Registration/Hooks.php	all	yes	2	folder	ok
bit_integrations_addUserRoles	filter	10	2	BitApps\IntegrationsPro\Actions\Registration\RegistrationHelperPro::addUserRoles	2/2	backend/Actions/Registration/Hooks.php	all	yes	2	folder	ok
bit_integrations_add_post_tag	action	10	2	BitApps\IntegrationsPro\Actions\PostCreation\PostCreationHelperPro::addPostTags	1/2	backend/Actions/PostCreation/Hooks.php	all	yes	2	exact	ok
bit_integrations_asgaros_forum_create_forum	filter	10	2	BitApps\IntegrationsPro\Actions\AsgarosForum\AsgarosForumProHelper::createForum	2/2	backend/Actions/AsgarosForum/Hooks.php	all	yes	2	exact	ok
bit_integrations_asgaros_forum_create_topic	filter	10	2	BitApps\IntegrationsPro\Actions\AsgarosForum\AsgarosForumProHelper::createTopic	2/2	backend/Actions/AsgarosForum/Hooks.php	all	yes	2	exact	ok
bit_integrations_asgaros_forum_post_reply_in_topic	filter	10	2	BitApps\IntegrationsPro\Actions\AsgarosForum\AsgarosForumProHelper::postReplyInTopic	2/2	backend/Actions/AsgarosForum/Hooks.php	all	yes	2	exact	ok
bit_integrations_asgaros_forum_subscribe_user_in_forum	filter	10	2	BitApps\IntegrationsPro\Actions\AsgarosForum\AsgarosForumProHelper::subscribeUserInForum	2/2	backend/Actions/AsgarosForum/Hooks.php	all	yes	2	exact	ok
bit_integrations_b2bking_approve_customer	filter	10	2	BitApps\IntegrationsPro\Actions\B2BKing\B2BKingRecordHelper::approveCustomer	2/2	backend/Actions/B2BKing/Hooks.php	all	yes	2	exact	ok
bit_integrations_b2bking_enable_b2b_for_user	filter	10	2	BitApps\IntegrationsPro\Actions\B2BKing\B2BKingRecordHelper::enableB2BForUser	2/2	backend/Actions/B2BKing/Hooks.php	all	yes	2	exact	ok
bit_integrations_b2bking_update_customer_group	filter	10	3	BitApps\IntegrationsPro\Actions\B2BKing\B2BKingRecordHelper::updateCustomerGroup	3/3	backend/Actions/B2BKing/Hooks.php	all	yes	3	exact	ok
bit_integrations_badgeos_award_achievement_to_user	filter	10	3	BitApps\IntegrationsPro\Actions\BadgeOS\BadgeOSProHelper::awardAchievementToUser	2/3	backend/Actions/BadgeOS/Hooks.php	all	yes	3	exact	ok
bit_integrations_bento_get_all_tags	filter	10	2	BitApps\IntegrationsPro\Actions\Bento\BentoProHelper::getAllTags	2/2	backend/Actions/Bento/Hooks.php	all	yes	2	exact	ok
bit_integrations_bento_get_event_fields	filter	10	1	BitApps\IntegrationsPro\Actions\Bento\BentoProHelper::getEventFields	1/1	backend/Actions/Bento/Hooks.php	all	yes	1	exact	ok
bit_integrations_bento_get_user_fields	filter	10	2	BitApps\IntegrationsPro\Actions\Bento\BentoProHelper::getUserFields	2/2	backend/Actions/Bento/Hooks.php	all	yes	2	exact	ok
bit_integrations_bento_store_event	filter	10	3	BitApps\IntegrationsPro\Actions\Bento\BentoProHelper::storeEvent	3/3	backend/Actions/Bento/Hooks.php	all	yes	3	exact	ok
bit_integrations_bento_update_user_data	action	10	5	BitApps\IntegrationsPro\Actions\Bento\BentoProHelper::updateUserData	5/5	backend/Actions/Bento/Hooks.php	all	yes	5	exact	ok
bit_integrations_booking_calendar_create_booking	filter	10	4	BitApps\IntegrationsPro\Actions\BookingCalendar\BookingCalendarProHelper::createBooking	2/4	backend/Actions/BookingCalendar/Hooks.php	all	yes	4	exact	ok
bit_integrations_booking_calendar_update_booking	filter	10	4	BitApps\IntegrationsPro\Actions\BookingCalendar\BookingCalendarProHelper::updateBooking	2/4	backend/Actions/BookingCalendar/Hooks.php	all	yes	4	exact	ok
bit_integrations_bookingpress_cancel_appointment	filter	10	2	BitApps\IntegrationsPro\Actions\BookingPress\BookingPressProHelper::cancelAppointment	2/2	backend/Actions/BookingPress/Hooks.php	all	yes	2	exact	ok
bit_integrations_bookingpress_create_customer	filter	10	2	BitApps\IntegrationsPro\Actions\BookingPress\BookingPressProHelper::createCustomer	2/2	backend/Actions/BookingPress/Hooks.php	all	yes	2	exact	ok
bit_integrations_bookingpress_delete_appointment	filter	10	2	BitApps\IntegrationsPro\Actions\BookingPress\BookingPressProHelper::deleteAppointment	2/2	backend/Actions/BookingPress/Hooks.php	all	yes	2	exact	ok
bit_integrations_bookingpress_delete_customer	filter	10	2	BitApps\IntegrationsPro\Actions\BookingPress\BookingPressProHelper::deleteCustomer	2/2	backend/Actions/BookingPress/Hooks.php	all	yes	2	exact	ok
bit_integrations_bookingpress_update_appointment_status	filter	10	2	BitApps\IntegrationsPro\Actions\BookingPress\BookingPressProHelper::updateAppointmentStatus	2/2	backend/Actions/BookingPress/Hooks.php	all	yes	2	exact	ok
bit_integrations_bookingpress_update_customer	filter	10	2	BitApps\IntegrationsPro\Actions\BookingPress\BookingPressProHelper::updateCustomer	2/2	backend/Actions/BookingPress/Hooks.php	all	yes	2	exact	ok
bit_integrations_bookly_create_appointment	filter	10	3	BitApps\IntegrationsPro\Actions\Bookly\BooklyRecordHelper::createAppointment	2/3	backend/Actions/Bookly/Hooks.php	all	yes	3	exact	ok
bit_integrations_bookly_create_customer	filter	10	2	BitApps\IntegrationsPro\Actions\Bookly\BooklyRecordHelper::createCustomer	2/2	backend/Actions/Bookly/Hooks.php	all	yes	2	exact	ok
bit_integrations_bookly_delete_appointment	filter	10	2	BitApps\IntegrationsPro\Actions\Bookly\BooklyRecordHelper::deleteAppointment	2/2	backend/Actions/Bookly/Hooks.php	all	yes	2	exact	ok
bit_integrations_bookly_delete_customer	filter	10	2	BitApps\IntegrationsPro\Actions\Bookly\BooklyRecordHelper::deleteCustomer	2/2	backend/Actions/Bookly/Hooks.php	all	yes	2	exact	ok
bit_integrations_bookly_update_appointment_status	filter	10	3	BitApps\IntegrationsPro\Actions\Bookly\BooklyRecordHelper::updateAppointmentStatus	2/3	backend/Actions/Bookly/Hooks.php	all	yes	3	exact	ok
bit_integrations_bookly_update_customer	filter	10	2	BitApps\IntegrationsPro\Actions\Bookly\BooklyRecordHelper::updateCustomer	2/2	backend/Actions/Bookly/Hooks.php	all	yes	2	exact	ok
bit_integrations_brilliant_directories_create_lead	filter	10	4	BitApps\IntegrationsPro\Actions\BrilliantDirectories\BrilliantDirectoriesHelperPro::createLead	4/4	backend/Actions/BrilliantDirectories/Hooks.php	all	yes	4	exact	ok
bit_integrations_brilliant_directories_create_member	filter	10	4	BitApps\IntegrationsPro\Actions\BrilliantDirectories\BrilliantDirectoriesHelperPro::createMember	4/4	backend/Actions/BrilliantDirectories/Hooks.php	all	yes	4	exact	ok
bit_integrations_brilliant_directories_create_member_post	filter	10	4	BitApps\IntegrationsPro\Actions\BrilliantDirectories\BrilliantDirectoriesHelperPro::createMemberPost	4/4	backend/Actions/BrilliantDirectories/Hooks.php	all	yes	4	exact	ok
bit_integrations_brilliant_directories_create_review	filter	10	4	BitApps\IntegrationsPro\Actions\BrilliantDirectories\BrilliantDirectoriesHelperPro::createReview	4/4	backend/Actions/BrilliantDirectories/Hooks.php	all	yes	4	exact	ok
bit_integrations_brilliant_directories_delete_lead	filter	10	4	BitApps\IntegrationsPro\Actions\BrilliantDirectories\BrilliantDirectoriesHelperPro::deleteLead	4/4	backend/Actions/BrilliantDirectories/Hooks.php	all	yes	4	exact	ok
bit_integrations_brilliant_directories_delete_member	filter	10	4	BitApps\IntegrationsPro\Actions\BrilliantDirectories\BrilliantDirectoriesHelperPro::deleteMember	4/4	backend/Actions/BrilliantDirectories/Hooks.php	all	yes	4	exact	ok
bit_integrations_brilliant_directories_delete_review	filter	10	4	BitApps\IntegrationsPro\Actions\BrilliantDirectories\BrilliantDirectoriesHelperPro::deleteReview	4/4	backend/Actions/BrilliantDirectories/Hooks.php	all	yes	4	exact	ok
bit_integrations_brilliant_directories_match_lead	filter	10	4	BitApps\IntegrationsPro\Actions\BrilliantDirectories\BrilliantDirectoriesHelperPro::matchLead	4/4	backend/Actions/BrilliantDirectories/Hooks.php	all	yes	4	exact	ok
bit_integrations_brilliant_directories_update_lead	filter	10	4	BitApps\IntegrationsPro\Actions\BrilliantDirectories\BrilliantDirectoriesHelperPro::updateLead	4/4	backend/Actions/BrilliantDirectories/Hooks.php	all	yes	4	exact	ok
bit_integrations_brilliant_directories_update_member	filter	10	4	BitApps\IntegrationsPro\Actions\BrilliantDirectories\BrilliantDirectoriesHelperPro::updateMember	4/4	backend/Actions/BrilliantDirectories/Hooks.php	all	yes	4	exact	ok
bit_integrations_brilliant_directories_update_review	filter	10	4	BitApps\IntegrationsPro\Actions\BrilliantDirectories\BrilliantDirectoriesHelperPro::updateReview	4/4	backend/Actions/BrilliantDirectories/Hooks.php	all	yes	4	exact	ok
bit_integrations_cart_abandonment_recovery_delete_abandoned_cart	filter	10	3	BitApps\IntegrationsPro\Actions\CartAbandonmentRecovery\CartAbandonmentRecoveryProHelper::deleteAbandonedCart	2/3	backend/Actions/CartAbandonmentRecovery/Hooks.php	all	yes	3	exact	ok
bit_integrations_cart_abandonment_recovery_reschedule_recovery_emails	filter	10	3	BitApps\IntegrationsPro\Actions\CartAbandonmentRecovery\CartAbandonmentRecoveryProHelper::rescheduleRecoveryEmails	2/3	backend/Actions/CartAbandonmentRecovery/Hooks.php	all	yes	3	exact	ok
bit_integrations_cart_abandonment_recovery_update_cart_status	filter	10	3	BitApps\IntegrationsPro\Actions\CartAbandonmentRecovery\CartAbandonmentRecoveryProHelper::updateCartStatus	2/3	backend/Actions/CartAbandonmentRecovery/Hooks.php	all	yes	3	exact	ok
bit_integrations_clickwhale_create_link	filter	10	4	BitApps\IntegrationsPro\Actions\ClickWhale\ClickWhaleProHelper::createLink	2/4	backend/Actions/ClickWhale/Hooks.php	all	yes	4	exact	ok
bit_integrations_clickwhale_delete_link	filter	10	2	BitApps\IntegrationsPro\Actions\ClickWhale\ClickWhaleProHelper::deleteLink	2/2	backend/Actions/ClickWhale/Hooks.php	all	yes	2	exact	ok
bit_integrations_clickwhale_update_link	filter	10	3	BitApps\IntegrationsPro\Actions\ClickWhale\ClickWhaleProHelper::updateLink	2/3	backend/Actions/ClickWhale/Hooks.php	all	yes	3	exact	ok
bit_integrations_convertforce_create_campaign	filter	10	2	BitApps\IntegrationsPro\Actions\ConvertForce\ConvertForceProHelper::createCampaign	2/2	backend/Actions/ConvertForce/Hooks.php	all	yes	2	exact	ok
bit_integrations_convertforce_delete_campaign	filter	10	2	BitApps\IntegrationsPro\Actions\ConvertForce\ConvertForceProHelper::deleteCampaign	2/2	backend/Actions/ConvertForce/Hooks.php	all	yes	2	exact	ok
bit_integrations_convertforce_update_campaign	filter	10	2	BitApps\IntegrationsPro\Actions\ConvertForce\ConvertForceProHelper::updateCampaign	2/2	backend/Actions/ConvertForce/Hooks.php	all	yes	2	exact	ok
bit_integrations_convertforce_update_campaign_status	filter	10	2	BitApps\IntegrationsPro\Actions\ConvertForce\ConvertForceProHelper::updateCampaignStatus	2/2	backend/Actions/ConvertForce/Hooks.php	all	yes	2	exact	ok
bit_integrations_createNewComment	filter	10	2	BitApps\IntegrationsPro\Actions\PostCreation\PostCreationHelperPro::createNewComment	2/2	backend/Actions/PostCreation/Hooks.php	all	yes	2	folder	ok
bit_integrations_createRole	filter	10	2	BitApps\IntegrationsPro\Actions\Registration\RegistrationHelperPro::createRole	2/2	backend/Actions/Registration/Hooks.php	all	yes	2	folder	ok
bit_integrations_creator_lms_create_course	filter	10	3	BitApps\IntegrationsPro\Actions\CreatorLms\CreatorLmsProHelper::createCourse	2/3	backend/Actions/CreatorLms/Hooks.php	all	yes	3	exact	ok
bit_integrations_creator_lms_create_student	filter	10	2	BitApps\IntegrationsPro\Actions\CreatorLms\CreatorLmsProHelper::createStudent	2/2	backend/Actions/CreatorLms/Hooks.php	all	yes	2	exact	ok
bit_integrations_creator_lms_enroll_user_in_course	filter	10	2	BitApps\IntegrationsPro\Actions\CreatorLms\CreatorLmsProHelper::enrollUserInCourse	2/2	backend/Actions/CreatorLms/Hooks.php	all	yes	2	exact	ok
bit_integrations_creator_lms_mark_lesson_completed	filter	10	2	BitApps\IntegrationsPro\Actions\CreatorLms\CreatorLmsProHelper::markLessonCompleted	2/2	backend/Actions/CreatorLms/Hooks.php	all	yes	2	exact	ok
bit_integrations_creator_lms_update_student_data	filter	10	2	BitApps\IntegrationsPro\Actions\CreatorLms\CreatorLmsProHelper::updateStudentData	2/2	backend/Actions/CreatorLms/Hooks.php	all	yes	2	exact	ok
bit_integrations_deleteExistingComment	filter	10	2	BitApps\IntegrationsPro\Actions\PostCreation\PostCreationHelperPro::deleteExistingComment	2/2	backend/Actions/PostCreation/Hooks.php	all	yes	2	folder	ok
bit_integrations_deleteExistingPost	filter	10	2	BitApps\IntegrationsPro\Actions\PostCreation\PostCreationHelperPro::deleteExistingPost	2/2	backend/Actions/PostCreation/Hooks.php	all	yes	2	folder	ok
bit_integrations_deleteExistingUser	filter	10	2	BitApps\IntegrationsPro\Actions\Registration\RegistrationHelperPro::deleteUser	2/2	backend/Actions/Registration/Hooks.php	all	yes	2	folder	ok
bit_integrations_deleteRole	filter	10	2	BitApps\IntegrationsPro\Actions\Registration\RegistrationHelperPro::deleteRole	2/2	backend/Actions/Registration/Hooks.php	all	yes	2	folder	ok
bit_integrations_dokan_vendor_crud_actions	filter	10	2	BitApps\IntegrationsPro\Actions\Dokan\DokanRecordHelper::vendorCreateActions	2/2	backend/Actions/Dokan/Hooks.php	all	yes	2	exact	ok
bit_integrations_eventsmanager_unregister_user_from_event	filter	10	2	BitApps\IntegrationsPro\Actions\EventsManager\EventsManagerProHelper::unregisterUserFromEvent	2/2	backend/Actions/EventsManager/Hooks.php	all	yes	2	exact	ok
bit_integrations_fabman_create_space	filter	10	4	BitApps\IntegrationsPro\Actions\Fabman\FabmanHelperPro::createSpace	4/4	backend/Actions/Fabman/Hooks.php	all	yes	4	exact	ok
bit_integrations_fabman_delete_member	filter	10	4	BitApps\IntegrationsPro\Actions\Fabman\FabmanHelperPro::deleteMember	4/4	backend/Actions/Fabman/Hooks.php	all	yes	4	exact	ok
bit_integrations_fabman_update_member	filter	10	5	BitApps\IntegrationsPro\Actions\Fabman\FabmanHelperPro::updateMember	5/5	backend/Actions/Fabman/Hooks.php	all	yes	5	exact	ok
bit_integrations_fabman_update_space	filter	10	5	BitApps\IntegrationsPro\Actions\Fabman\FabmanHelperPro::updateSpace	5/5	backend/Actions/Fabman/Hooks.php	all	yes	5	exact	ok
bit_integrations_fluent_crm_assign_company	filter	10	2	BitApps\IntegrationsPro\Actions\FluentCRM\FluentCRMProHelper::assignCompany	2/2	backend/Actions/FluentCRM/Hooks.php	all	yes	2	exact	ok
bit_integrations_fluent_player_add_media_tags	filter	10	3	BitApps\IntegrationsPro\Actions\FluentPlayer\FluentPlayerProHelper::addMediaTags	2/3	backend/Actions/FluentPlayer/Hooks.php	all	yes	3	exact	ok
bit_integrations_fluent_player_add_media_to_playlist	filter	10	2	BitApps\IntegrationsPro\Actions\FluentPlayer\FluentPlayerProHelper::addMediaToPlaylist	2/2	backend/Actions/FluentPlayer/Hooks.php	all	yes	2	exact	ok
bit_integrations_fluent_player_change_media_status	filter	10	3	BitApps\IntegrationsPro\Actions\FluentPlayer\FluentPlayerProHelper::changeMediaStatus	2/3	backend/Actions/FluentPlayer/Hooks.php	all	yes	3	exact	ok
bit_integrations_fluent_player_change_playlist_status	filter	10	3	BitApps\IntegrationsPro\Actions\FluentPlayer\FluentPlayerProHelper::changePlaylistStatus	2/3	backend/Actions/FluentPlayer/Hooks.php	all	yes	3	exact	ok
bit_integrations_fluent_player_create_email_submission	filter	10	3	BitApps\IntegrationsPro\Actions\FluentPlayer\FluentPlayerProHelper::createEmailSubmission	2/3	backend/Actions/FluentPlayer/Hooks.php	all	yes	3	exact	ok
bit_integrations_fluent_player_create_media	filter	10	4	BitApps\IntegrationsPro\Actions\FluentPlayer\FluentPlayerProHelper::createMedia	2/4	backend/Actions/FluentPlayer/Hooks.php	all	yes	4	exact	ok
bit_integrations_fluent_player_create_playlist	filter	10	3	BitApps\IntegrationsPro\Actions\FluentPlayer\FluentPlayerProHelper::createPlaylist	2/3	backend/Actions/FluentPlayer/Hooks.php	all	yes	3	exact	ok
bit_integrations_fluent_player_create_tag	filter	10	2	BitApps\IntegrationsPro\Actions\FluentPlayer\FluentPlayerProHelper::createTag	2/2	backend/Actions/FluentPlayer/Hooks.php	all	yes	2	exact	ok
bit_integrations_fluent_player_delete_media	filter	10	2	BitApps\IntegrationsPro\Actions\FluentPlayer\FluentPlayerProHelper::deleteMedia	2/2	backend/Actions/FluentPlayer/Hooks.php	all	yes	2	exact	ok
bit_integrations_fluent_player_delete_playlist	filter	10	2	BitApps\IntegrationsPro\Actions\FluentPlayer\FluentPlayerProHelper::deletePlaylist	2/2	backend/Actions/FluentPlayer/Hooks.php	all	yes	2	exact	ok
bit_integrations_fluent_player_delete_preset	filter	10	2	BitApps\IntegrationsPro\Actions\FluentPlayer\FluentPlayerProHelper::deletePreset	1/2	backend/Actions/FluentPlayer/Hooks.php	all	yes	2	exact	ok
bit_integrations_fluent_player_delete_tag	filter	10	2	BitApps\IntegrationsPro\Actions\FluentPlayer\FluentPlayerProHelper::deleteTag	2/2	backend/Actions/FluentPlayer/Hooks.php	all	yes	2	exact	ok
bit_integrations_fluent_player_record_visit	filter	10	3	BitApps\IntegrationsPro\Actions\FluentPlayer\FluentPlayerProHelper::recordVisit	2/3	backend/Actions/FluentPlayer/Hooks.php	all	yes	3	exact	ok
bit_integrations_fluent_player_record_watch_progression	filter	10	3	BitApps\IntegrationsPro\Actions\FluentPlayer\FluentPlayerProHelper::recordWatchProgression	2/3	backend/Actions/FluentPlayer/Hooks.php	all	yes	3	exact	ok
bit_integrations_fluent_player_remove_media_from_playlist	filter	10	2	BitApps\IntegrationsPro\Actions\FluentPlayer\FluentPlayerProHelper::removeMediaFromPlaylist	2/2	backend/Actions/FluentPlayer/Hooks.php	all	yes	2	exact	ok
bit_integrations_fluent_player_remove_media_tags	filter	10	3	BitApps\IntegrationsPro\Actions\FluentPlayer\FluentPlayerProHelper::removeMediaTags	2/3	backend/Actions/FluentPlayer/Hooks.php	all	yes	3	exact	ok
bit_integrations_fluent_player_rename_tag	filter	10	2	BitApps\IntegrationsPro\Actions\FluentPlayer\FluentPlayerProHelper::renameTag	2/2	backend/Actions/FluentPlayer/Hooks.php	all	yes	2	exact	ok
bit_integrations_fluent_player_restore_media	filter	10	2	BitApps\IntegrationsPro\Actions\FluentPlayer\FluentPlayerProHelper::restoreMedia	2/2	backend/Actions/FluentPlayer/Hooks.php	all	yes	2	exact	ok
bit_integrations_fluent_player_restore_playlist	filter	10	2	BitApps\IntegrationsPro\Actions\FluentPlayer\FluentPlayerProHelper::restorePlaylist	2/2	backend/Actions/FluentPlayer/Hooks.php	all	yes	2	exact	ok
bit_integrations_fluent_player_save_preset	filter	10	2	BitApps\IntegrationsPro\Actions\FluentPlayer\FluentPlayerProHelper::savePreset	2/2	backend/Actions/FluentPlayer/Hooks.php	all	yes	2	exact	ok
bit_integrations_fluent_player_set_media_tags	filter	10	3	BitApps\IntegrationsPro\Actions\FluentPlayer\FluentPlayerProHelper::setMediaTags	2/3	backend/Actions/FluentPlayer/Hooks.php	all	yes	3	exact	ok
bit_integrations_fluent_player_subscribe_email_to_providers	filter	10	3	BitApps\IntegrationsPro\Actions\FluentPlayer\FluentPlayerProHelper::subscribeEmailToProviders	2/3	backend/Actions/FluentPlayer/Hooks.php	all	yes	3	exact	ok
bit_integrations_fluent_player_trash_media	filter	10	2	BitApps\IntegrationsPro\Actions\FluentPlayer\FluentPlayerProHelper::trashMedia	2/2	backend/Actions/FluentPlayer/Hooks.php	all	yes	2	exact	ok
bit_integrations_fluent_player_trash_playlist	filter	10	2	BitApps\IntegrationsPro\Actions\FluentPlayer\FluentPlayerProHelper::trashPlaylist	2/2	backend/Actions/FluentPlayer/Hooks.php	all	yes	2	exact	ok
bit_integrations_fluent_player_update_media	filter	10	4	BitApps\IntegrationsPro\Actions\FluentPlayer\FluentPlayerProHelper::updateMedia	2/4	backend/Actions/FluentPlayer/Hooks.php	all	yes	4	exact	ok
bit_integrations_fluent_player_update_playlist	filter	10	3	BitApps\IntegrationsPro\Actions\FluentPlayer\FluentPlayerProHelper::updatePlaylist	2/3	backend/Actions/FluentPlayer/Hooks.php	all	yes	3	exact	ok
bit_integrations_fluent_support_upload_ticket_attachments	action	10	5	BitApps\IntegrationsPro\Actions\FluentSupport\FluentSupportHelperPro::uploadTicketAttachments	5/5	backend/Actions/FluentSupport/Hooks.php	all	yes	5	exact	ok
bit_integrations_fluentcart_create_coupon	filter	10	3	BitApps\IntegrationsPro\Actions\FluentCart\FluentCartProHelper::createCoupon	3/3	backend/Actions/FluentCart/Hooks.php	all	yes	3	exact	ok
bit_integrations_fluentcart_create_customer	filter	10	2	BitApps\IntegrationsPro\Actions\FluentCart\FluentCartProHelper::createCustomer	2/2	backend/Actions/FluentCart/Hooks.php	all	yes	2	exact	ok
bit_integrations_fluentcart_create_order	filter	10	4	BitApps\IntegrationsPro\Actions\FluentCart\FluentCartProHelper::createOrder	4/4	backend/Actions/FluentCart/Hooks.php	all	yes	4	exact	ok
bit_integrations_fluentcart_create_product	filter	10	4	BitApps\IntegrationsPro\Actions\FluentCart\FluentCartProHelper::createProduct	4/4	backend/Actions/FluentCart/Hooks.php	all	yes	4	exact	ok
bit_integrations_fluentcart_delete_coupon	filter	10	2	BitApps\IntegrationsPro\Actions\FluentCart\FluentCartProHelper::deleteCoupon	2/2	backend/Actions/FluentCart/Hooks.php	all	yes	2	exact	ok
bit_integrations_fluentcart_delete_customer	filter	10	2	BitApps\IntegrationsPro\Actions\FluentCart\FluentCartProHelper::deleteCustomer	2/2	backend/Actions/FluentCart/Hooks.php	all	yes	2	exact	ok
bit_integrations_fluentcart_delete_order	filter	10	2	BitApps\IntegrationsPro\Actions\FluentCart\FluentCartProHelper::deleteOrder	2/2	backend/Actions/FluentCart/Hooks.php	all	yes	2	exact	ok
bit_integrations_fluentcart_delete_product	filter	10	2	BitApps\IntegrationsPro\Actions\FluentCart\FluentCartProHelper::deleteProduct	2/2	backend/Actions/FluentCart/Hooks.php	all	yes	2	exact	ok
bit_integrations_fluentcart_update_customer	filter	10	2	BitApps\IntegrationsPro\Actions\FluentCart\FluentCartProHelper::updateCustomer	2/2	backend/Actions/FluentCart/Hooks.php	all	yes	2	exact	ok
bit_integrations_fluentcart_update_order_status	filter	10	2	BitApps\IntegrationsPro\Actions\FluentCart\FluentCartProHelper::updateOrderStatus	2/2	backend/Actions/FluentCart/Hooks.php	all	yes	2	exact	ok
bit_integrations_fluentcart_update_payment_status	filter	10	2	BitApps\IntegrationsPro\Actions\FluentCart\FluentCartProHelper::updatePaymentStatus	2/2	backend/Actions/FluentCart/Hooks.php	all	yes	2	exact	ok
bit_integrations_fluentcart_update_shipping_status	filter	10	2	BitApps\IntegrationsPro\Actions\FluentCart\FluentCartProHelper::updateShippingStatus	2/2	backend/Actions/FluentCart/Hooks.php	all	yes	2	exact	ok
bit_integrations_formy_chat_create_lead	filter	10	3	BitApps\IntegrationsPro\Actions\FormyChat\FormyChatRecordHelper::createLead	2/3	backend/Actions/FormyChat/Hooks.php	all	yes	3	exact	ok
bit_integrations_freshsales_upsert_record	filter	10	5	BitApps\IntegrationsPro\Actions\FreshSales\FreshSalesRecordApiHelper::upsertRecord	5/5	backend/Actions/FreshSales/Hooks.php	all	yes	5	exact	ok
bit_integrations_getresponse_autoresponder_day	filter	10	2	BitApps\IntegrationsPro\Actions\GetResponse\GetResponseHelperPro::autoResponderDay	2/2	backend/Actions/GetResponse/Hooks.php	all	yes	2	exact	ok
bit_integrations_googlecalendar_rich_description	filter	10	3	BitApps\IntegrationsPro\Actions\GoogleCalendar\GoogleCalendarHelperPro::renderDescription	3/3	backend/Actions/GoogleCalendar/Hooks.php	all	yes	3	exact	ok
bit_integrations_heffl_crm_create_client	filter	10	4	BitApps\IntegrationsPro\Actions\HefflCRM\HefflCRMRecordHelper::createClient	3/4	backend/Actions/HefflCRM/Hooks.php	all	yes	4	exact	ok
bit_integrations_heffl_crm_create_deal	filter	10	4	BitApps\IntegrationsPro\Actions\HefflCRM\HefflCRMRecordHelper::createDeal	3/4	backend/Actions/HefflCRM/Hooks.php	all	yes	4	exact	ok
bit_integrations_heffl_crm_create_lead	filter	10	4	BitApps\IntegrationsPro\Actions\HefflCRM\HefflCRMRecordHelper::createLead	3/4	backend/Actions/HefflCRM/Hooks.php	all	yes	4	exact	ok
bit_integrations_high_level_contact_utilities	filter	10	3	BitApps\IntegrationsPro\Actions\HighLevel\HighLevelUtilitiesPro::contactUtilities	3/3	backend/Actions/HighLevel/Hooks.php	all	yes	3	exact	ok
bit_integrations_high_level_opportunity_utilities	filter	10	3	BitApps\IntegrationsPro\Actions\HighLevel\HighLevelUtilitiesPro::opportunityUtilities	3/3	backend/Actions/HighLevel/Hooks.php	all	yes	3	exact	ok
bit_integrations_high_level_v2_create_contact	filter	10	4	BitApps\IntegrationsPro\Actions\HighLevel\HighLevelUtilitiesPro::createContact	4/4	backend/Actions/HighLevel/Hooks.php	all	yes	4	exact	ok
bit_integrations_high_level_v2_create_opportunity	filter	10	5	BitApps\IntegrationsPro\Actions\HighLevel\HighLevelUtilitiesPro::createOpportunity	5/5	backend/Actions/HighLevel/Hooks.php	all	yes	5	exact	ok
bit_integrations_high_level_v2_create_task	filter	10	4	BitApps\IntegrationsPro\Actions\HighLevel\HighLevelUtilitiesPro::createTask	4/4	backend/Actions/HighLevel/Hooks.php	all	yes	4	exact	ok
bit_integrations_high_level_v2_update_contact	filter	10	4	BitApps\IntegrationsPro\Actions\HighLevel\HighLevelUtilitiesPro::updateContact	4/4	backend/Actions/HighLevel/Hooks.php	all	yes	4	exact	ok
bit_integrations_high_level_v2_update_opportunity	filter	10	5	BitApps\IntegrationsPro\Actions\HighLevel\HighLevelUtilitiesPro::updateOpportunity	5/5	backend/Actions/HighLevel/Hooks.php	all	yes	5	exact	ok
bit_integrations_high_level_v2_update_task	filter	10	5	BitApps\IntegrationsPro\Actions\HighLevel\HighLevelUtilitiesPro::updateTask	5/5	backend/Actions/HighLevel/Hooks.php	all	yes	5	exact	ok
bit_integrations_hubspot_update_entity	filter	10	4	BitApps\IntegrationsPro\Actions\Hubspot\HubspotHelperPro::updateEntity	4/4	backend/Actions/Hubspot/Hooks.php	all	yes	4	exact	ok
bit_integrations_instasent_create_contact_event	filter	10	4	BitApps\IntegrationsPro\Actions\Instasent\InstasentHelperPro::createContactEvent	2/4	backend/Actions/Instasent/Hooks.php	all	yes	4	exact	ok
bit_integrations_instasent_create_datasource	filter	10	4	BitApps\IntegrationsPro\Actions\Instasent\InstasentHelperPro::createDatasource	2/4	backend/Actions/Instasent/Hooks.php	all	yes	4	exact	ok
bit_integrations_instasent_create_lookup	filter	10	3	BitApps\IntegrationsPro\Actions\Instasent\InstasentHelperPro::createLookup	2/3	backend/Actions/Instasent/Hooks.php	all	yes	3	exact	ok
bit_integrations_instasent_create_or_update_contact	filter	10	4	BitApps\IntegrationsPro\Actions\Instasent\InstasentHelperPro::createOrUpdateContact	2/4	backend/Actions/Instasent/Hooks.php	all	yes	4	exact	ok
bit_integrations_instasent_delete_contact	filter	10	4	BitApps\IntegrationsPro\Actions\Instasent\InstasentHelperPro::deleteContact	2/4	backend/Actions/Instasent/Hooks.php	all	yes	4	exact	ok
bit_integrations_instasent_send_sms	filter	10	3	BitApps\IntegrationsPro\Actions\Instasent\InstasentHelperPro::sendSms	2/3	backend/Actions/Instasent/Hooks.php	all	yes	3	exact	ok
bit_integrations_ivy_forms_create_entry	filter	10	3	BitApps\IntegrationsPro\Actions\IvyForms\IvyFormsRecordHelper::createEntry	2/3	backend/Actions/IvyForms/Hooks.php	all	yes	3	exact	ok
bit_integrations_jet_engine_create_content_type_actions	filter	10	3	BitApps\IntegrationsPro\Actions\JetEngine\JetEngineRecordHelper::createContentTypeActions	3/3	backend/Actions/JetEngine/Hooks.php	all	yes	3	exact	ok
bit_integrations_jet_engine_create_post_type_actions	filter	10	3	BitApps\IntegrationsPro\Actions\JetEngine\JetEngineRecordHelper::createPostTypeActions	3/3	backend/Actions/JetEngine/Hooks.php	all	yes	3	exact	ok
bit_integrations_jet_engine_create_relation_actions	filter	10	3	BitApps\IntegrationsPro\Actions\JetEngine\JetEngineRecordHelper::createRelationActions	3/3	backend/Actions/JetEngine/Hooks.php	all	yes	3	exact	ok
bit_integrations_jet_engine_create_taxonomy_actions	filter	10	3	BitApps\IntegrationsPro\Actions\JetEngine\JetEngineRecordHelper::createTaxonomyActions	3/3	backend/Actions/JetEngine/Hooks.php	all	yes	3	exact	ok
bit_integrations_klaviyo_custom_properties	filter	10	3	BitApps\IntegrationsPro\Actions\Klaviyo\KlaviyoHelperPro::setCustomProperties	3/3	backend/Actions/Klaviyo/Hooks.php	all	yes	3	exact	ok
bit_integrations_klaviyo_update_profile	filter	10	4	BitApps\IntegrationsPro\Actions\Klaviyo\KlaviyoHelperPro::updateProfile	4/4	backend/Actions/Klaviyo/Hooks.php	all	yes	4	exact	ok
bit_integrations_latepoint_cancel_booking	filter	10	2	BitApps\IntegrationsPro\Actions\LatePoint\LatePointProHelper::cancelBooking	2/2	backend/Actions/LatePoint/Hooks.php	all	yes	2	exact	ok
bit_integrations_latepoint_create_agent	filter	10	3	BitApps\IntegrationsPro\Actions\LatePoint\LatePointProHelper::createAgent	2/3	backend/Actions/LatePoint/Hooks.php	all	yes	3	exact	ok
bit_integrations_latepoint_create_booking	filter	10	4	BitApps\IntegrationsPro\Actions\LatePoint\LatePointProHelper::createBooking	2/4	backend/Actions/LatePoint/Hooks.php	all	yes	4	exact	ok
bit_integrations_latepoint_create_coupon	filter	10	3	BitApps\IntegrationsPro\Actions\LatePoint\LatePointProHelper::createCoupon	2/3	backend/Actions/LatePoint/Hooks.php	all	yes	3	exact	ok
bit_integrations_latepoint_create_customer	filter	10	2	BitApps\IntegrationsPro\Actions\LatePoint\LatePointProHelper::createCustomer	2/2	backend/Actions/LatePoint/Hooks.php	all	yes	2	exact	ok
bit_integrations_latepoint_create_order	filter	10	4	BitApps\IntegrationsPro\Actions\LatePoint\LatePointProHelper::createOrder	2/4	backend/Actions/LatePoint/Hooks.php	all	yes	4	exact	ok
bit_integrations_latepoint_update_booking	filter	10	4	BitApps\IntegrationsPro\Actions\LatePoint\LatePointProHelper::updateBooking	2/4	backend/Actions/LatePoint/Hooks.php	all	yes	4	exact	ok
bit_integrations_latepoint_update_coupon	filter	10	3	BitApps\IntegrationsPro\Actions\LatePoint\LatePointProHelper::updateCoupon	2/3	backend/Actions/LatePoint/Hooks.php	all	yes	3	exact	ok
bit_integrations_line_broadcast_message	filter	10	4	BitApps\IntegrationsPro\Actions\Line\LineHelperPro::sendBroadcastMessage	4/4	backend/Actions/Line/Hooks.php	all	yes	4	exact	ok
bit_integrations_line_reply_message	filter	10	4	BitApps\IntegrationsPro\Actions\Line\LineHelperPro::sendReplyMessage	4/4	backend/Actions/Line/Hooks.php	all	yes	4	exact	ok
bit_integrations_lmfwc_activate_licence	action	10	4	BitApps\IntegrationsPro\Actions\LMFWC\LMFWCProHelper::activateLicense	4/4	backend/Actions/LMFWC/Hooks.php	all	yes	4	exact	ok
bit_integrations_lmfwc_create_generator	action	10	4	BitApps\IntegrationsPro\Actions\LMFWC\LMFWCProHelper::createGenerator	4/4	backend/Actions/LMFWC/Hooks.php	all	yes	4	exact	ok
bit_integrations_lmfwc_deactivate_licence	action	10	5	BitApps\IntegrationsPro\Actions\LMFWC\LMFWCProHelper::deactivateLicense	4/5	backend/Actions/LMFWC/Hooks.php	all	yes	5	exact	ok
bit_integrations_lmfwc_delete_licence	action	10	4	BitApps\IntegrationsPro\Actions\LMFWC\LMFWCProHelper::deleteLicense	4/4	backend/Actions/LMFWC/Hooks.php	all	yes	4	exact	ok
bit_integrations_lmfwc_reactivate_licence	action	10	5	BitApps\IntegrationsPro\Actions\LMFWC\LMFWCProHelper::reactivateLicense	4/5	backend/Actions/LMFWC/Hooks.php	all	yes	5	exact	ok
bit_integrations_lmfwc_update_generator	action	10	5	BitApps\IntegrationsPro\Actions\LMFWC\LMFWCProHelper::UpdateGenerator	5/5	backend/Actions/LMFWC/Hooks.php	all	yes	5	exact	ok
bit_integrations_lmfwc_update_licence	action	10	5	BitApps\IntegrationsPro\Actions\LMFWC\LMFWCProHelper::updateLicense	5/5	backend/Actions/LMFWC/Hooks.php	all	yes	5	exact	ok
bit_integrations_mailchimp_add_remove_tag	filter	10	4	BitApps\IntegrationsPro\Actions\MailChimp\MailChimpRecordHelper::addRemoveTag	4/4	backend/Actions/MailChimp/Hooks.php	all	yes	4	exact	ok
bit_integrations_mailchimp_map_language	filter	10	2	BitApps\IntegrationsPro\Actions\MailChimp\MailChimpRecordHelper::mapLanguageField	2/2	backend/Actions/MailChimp/Hooks.php	all	yes	2	exact	ok
bit_integrations_mailchimp_store_gdpr_permission	action	10	6	BitApps\IntegrationsPro\Actions\MailChimp\MailChimpRecordHelper::updateGDPRPermissions	6/6	backend/Actions/MailChimp/Hooks.php	all	yes	6	exact	ok
bit_integrations_mailerlite_delete_subscriber	filter	10	6	BitApps\IntegrationsPro\Actions\MailerLite\MailerLiteHelperPro::deleteSubscriber	5/6	backend/Actions/MailerLite/Hooks.php	all	yes	6	exact	ok
bit_integrations_mailerlite_unassign_subscriber_from_group	filter	10	5	BitApps\IntegrationsPro\Actions\MailerLite\MailerLiteHelperPro::unassignSubscriberFromGroup	5/5	backend/Actions/MailerLite/Hooks.php	all	yes	5	exact	ok
bit_integrations_mailerpress_add_tags	filter	10	3	BitApps\IntegrationsPro\Actions\MailerPress\MailerPressProHelper::addTagsToContact	3/3	backend/Actions/MailerPress/Hooks.php	all	yes	3	exact	ok
bit_integrations_mailerpress_add_to_lists	filter	10	3	BitApps\IntegrationsPro\Actions\MailerPress\MailerPressProHelper::addContactToLists	3/3	backend/Actions/MailerPress/Hooks.php	all	yes	3	exact	ok
bit_integrations_mailerpress_delete_contact	filter	10	2	BitApps\IntegrationsPro\Actions\MailerPress\MailerPressProHelper::deleteContact	2/2	backend/Actions/MailerPress/Hooks.php	all	yes	2	exact	ok
bit_integrations_mailerpress_remove_from_lists	filter	10	3	BitApps\IntegrationsPro\Actions\MailerPress\MailerPressProHelper::removeContactFromLists	3/3	backend/Actions/MailerPress/Hooks.php	all	yes	3	exact	ok
bit_integrations_mailerpress_remove_tags	filter	10	3	BitApps\IntegrationsPro\Actions\MailerPress\MailerPressProHelper::removeTagsFromContact	3/3	backend/Actions/MailerPress/Hooks.php	all	yes	3	exact	ok
bit_integrations_mailpoet_update_subscriber	filter	10	2	BitApps\IntegrationsPro\Actions\MailPoet\MailPoetProHelper::updateRecord	2/2	backend/Actions/MailPoet/Hooks.php	all	yes	2	exact	ok
bit_integrations_main_wp_activate_plugin	filter	10	5	BitApps\IntegrationsPro\Actions\MainWP\MainWPRecordHelper::activatePlugin	2/4	backend/Actions/MainWP/Hooks.php	all	yes	2	exact	ok
bit_integrations_main_wp_create_post	filter	10	5	BitApps\IntegrationsPro\Actions\MainWP\MainWPRecordHelper::createPost	2/4	backend/Actions/MainWP/Hooks.php	all	yes	2	exact	ok
bit_integrations_main_wp_create_user	filter	10	5	BitApps\IntegrationsPro\Actions\MainWP\MainWPRecordHelper::createUser	2/4	backend/Actions/MainWP/Hooks.php	all	yes	2	exact	ok
bit_integrations_main_wp_deactivate_plugin	filter	10	5	BitApps\IntegrationsPro\Actions\MainWP\MainWPRecordHelper::deactivatePlugin	2/4	backend/Actions/MainWP/Hooks.php	all	yes	2	exact	ok
bit_integrations_main_wp_delete_post	filter	10	5	BitApps\IntegrationsPro\Actions\MainWP\MainWPRecordHelper::deletePost	2/4	backend/Actions/MainWP/Hooks.php	all	yes	2	exact	ok
bit_integrations_main_wp_sync_all_sites	filter	10	5	BitApps\IntegrationsPro\Actions\MainWP\MainWPRecordHelper::syncAllSites	1/4	backend/Actions/MainWP/Hooks.php	all	yes	2	exact	ok
bit_integrations_main_wp_sync_site	filter	10	5	BitApps\IntegrationsPro\Actions\MainWP\MainWPRecordHelper::syncSite	2/4	backend/Actions/MainWP/Hooks.php	all	yes	2	exact	ok
bit_integrations_main_wp_update_post	filter	10	5	BitApps\IntegrationsPro\Actions\MainWP\MainWPRecordHelper::updatePost	2/4	backend/Actions/MainWP/Hooks.php	all	yes	2	exact	ok
bit_integrations_master_study_lms_enroll_user	filter	10	2	BitApps\IntegrationsPro\Actions\MasterStudyLms\MasterStudyLmsProHelper::enrollUser	2/2	backend/Actions/MasterStudyLms/Hooks.php	all	yes	2	exact	ok
bit_integrations_master_study_lms_mark_course_complete	filter	10	2	BitApps\IntegrationsPro\Actions\MasterStudyLms\MasterStudyLmsProHelper::markCourseComplete	2/2	backend/Actions/MasterStudyLms/Hooks.php	all	yes	2	exact	ok
bit_integrations_master_study_lms_mark_lesson_complete	filter	10	2	BitApps\IntegrationsPro\Actions\MasterStudyLms\MasterStudyLmsProHelper::markLessonComplete	2/2	backend/Actions/MasterStudyLms/Hooks.php	all	yes	2	exact	ok
bit_integrations_master_study_lms_unenroll_user	filter	10	2	BitApps\IntegrationsPro\Actions\MasterStudyLms\MasterStudyLmsProHelper::unenrollUser	2/2	backend/Actions/MasterStudyLms/Hooks.php	all	yes	2	exact	ok
bit_integrations_modern_cart_add_product_to_cart	filter	10	3	BitApps\IntegrationsPro\Actions\ModernCart\ModernCartProHelper::addProductToCart	2/3	backend/Actions/ModernCart/Hooks.php	all	yes	3	exact	ok
bit_integrations_modern_cart_remove_product_from_cart	filter	10	3	BitApps\IntegrationsPro\Actions\ModernCart\ModernCartProHelper::removeProductFromCart	2/3	backend/Actions/ModernCart/Hooks.php	all	yes	3	exact	ok
bit_integrations_modern_cart_update_cart_quantity	filter	10	3	BitApps\IntegrationsPro\Actions\ModernCart\ModernCartProHelper::updateCartQuantity	2/3	backend/Actions/ModernCart/Hooks.php	all	yes	3	exact	ok
bit_integrations_mondayCom_archive_board	filter	10	3	BitApps\IntegrationsPro\Actions\MondayCom\MondayComProHelper::archiveBoard	3/3	backend/Actions/MondayCom/Hooks.php	all	yes	3	exact	ok
bit_integrations_mondayCom_archive_group	filter	10	4	BitApps\IntegrationsPro\Actions\MondayCom\MondayComProHelper::archiveGroup	4/4	backend/Actions/MondayCom/Hooks.php	all	yes	4	exact	ok
bit_integrations_mondayCom_archive_item	filter	10	4	BitApps\IntegrationsPro\Actions\MondayCom\MondayComProHelper::archiveItem	3/3	backend/Actions/MondayCom/Hooks.php	all	yes	3	exact	ok
bit_integrations_mondayCom_create_column	filter	10	4	BitApps\IntegrationsPro\Actions\MondayCom\MondayComProHelper::createColumn	4/4	backend/Actions/MondayCom/Hooks.php	all	yes	4	exact	ok
bit_integrations_mondayCom_create_group	filter	10	4	BitApps\IntegrationsPro\Actions\MondayCom\MondayComProHelper::createGroup	4/4	backend/Actions/MondayCom/Hooks.php	all	yes	4	exact	ok
bit_integrations_mondayCom_create_item	filter	10	4	BitApps\IntegrationsPro\Actions\MondayCom\MondayComProHelper::createItem	4/4	backend/Actions/MondayCom/Hooks.php	all	yes	4	exact	ok
bit_integrations_mondayCom_create_subitem	filter	10	4	BitApps\IntegrationsPro\Actions\MondayCom\MondayComProHelper::createSubitem	4/4	backend/Actions/MondayCom/Hooks.php	all	yes	4	exact	ok
bit_integrations_mondayCom_delete_group	filter	10	4	BitApps\IntegrationsPro\Actions\MondayCom\MondayComProHelper::deleteGroup	4/4	backend/Actions/MondayCom/Hooks.php	all	yes	4	exact	ok
bit_integrations_mondayCom_delete_item	filter	10	4	BitApps\IntegrationsPro\Actions\MondayCom\MondayComProHelper::deleteItem	3/3	backend/Actions/MondayCom/Hooks.php	all	yes	3	exact	ok
bit_integrations_mondayCom_duplicate_group	filter	10	4	BitApps\IntegrationsPro\Actions\MondayCom\MondayComProHelper::duplicateGroup	4/4	backend/Actions/MondayCom/Hooks.php	all	yes	4	exact	ok
bit_integrations_mondayCom_move_item_to_group	filter	10	3	BitApps\IntegrationsPro\Actions\MondayCom\MondayComProHelper::moveItemToGroup	3/3	backend/Actions/MondayCom/Hooks.php	all	yes	3	exact	ok
bit_integrations_mondayCom_update_item	filter	10	4	BitApps\IntegrationsPro\Actions\MondayCom\MondayComProHelper::updateItem	4/4	backend/Actions/MondayCom/Hooks.php	all	yes	4	exact	ok
bit_integrations_moosend_map_custom_fields	filter	10	3	BitApps\IntegrationsPro\Actions\Moosend\MoosendProHelper::mapCustomFields	3/3	backend/Actions/Moosend/Hooks.php	all	yes	3	exact	ok
bit_integrations_more_convert_wishlist_add_product_to_wishlist	filter	10	3	BitApps\IntegrationsPro\Actions\MoreConvertWishlist\MoreConvertWishlistRecordHelper::addProductToWishlist	2/3	backend/Actions/MoreConvertWishlist/Hooks.php	all	yes	3	exact	ok
bit_integrations_more_convert_wishlist_create_customer	filter	10	3	BitApps\IntegrationsPro\Actions\MoreConvertWishlist\MoreConvertWishlistRecordHelper::createCustomer	2/3	backend/Actions/MoreConvertWishlist/Hooks.php	all	yes	3	exact	ok
bit_integrations_more_convert_wishlist_create_wishlist	filter	10	3	BitApps\IntegrationsPro\Actions\MoreConvertWishlist\MoreConvertWishlistRecordHelper::createWishlist	2/3	backend/Actions/MoreConvertWishlist/Hooks.php	all	yes	3	exact	ok
bit_integrations_more_convert_wishlist_delete_wishlist	filter	10	2	BitApps\IntegrationsPro\Actions\MoreConvertWishlist\MoreConvertWishlistRecordHelper::deleteWishlist	2/2	backend/Actions/MoreConvertWishlist/Hooks.php	all	yes	2	exact	ok
bit_integrations_more_convert_wishlist_remove_product_from_wishlist	filter	10	3	BitApps\IntegrationsPro\Actions\MoreConvertWishlist\MoreConvertWishlistRecordHelper::removeProductFromWishlist	2/3	backend/Actions/MoreConvertWishlist/Hooks.php	all	yes	3	exact	ok
bit_integrations_more_convert_wishlist_subscribe_customer	filter	10	2	BitApps\IntegrationsPro\Actions\MoreConvertWishlist\MoreConvertWishlistRecordHelper::subscribeCustomer	2/2	backend/Actions/MoreConvertWishlist/Hooks.php	all	yes	2	exact	ok
bit_integrations_more_convert_wishlist_unsubscribe_customer	filter	10	2	BitApps\IntegrationsPro\Actions\MoreConvertWishlist\MoreConvertWishlistRecordHelper::unsubscribeCustomer	2/2	backend/Actions/MoreConvertWishlist/Hooks.php	all	yes	2	exact	ok
bit_integrations_more_convert_wishlist_update_wishlist	filter	10	3	BitApps\IntegrationsPro\Actions\MoreConvertWishlist\MoreConvertWishlistRecordHelper::updateWishlist	2/3	backend/Actions/MoreConvertWishlist/Hooks.php	all	yes	3	exact	ok
bit_integrations_next_crm_add_contact_activity	filter	10	3	BitApps\IntegrationsPro\Actions\NextCrm\NextCrmProHelper::addContactActivity	2/3	backend/Actions/NextCrm/Hooks.php	all	yes	3	exact	ok
bit_integrations_next_crm_add_contact_to_list	filter	10	3	BitApps\IntegrationsPro\Actions\NextCrm\NextCrmProHelper::addContactToList	2/3	backend/Actions/NextCrm/Hooks.php	all	yes	3	exact	ok
bit_integrations_next_crm_add_tag_to_contact	filter	10	3	BitApps\IntegrationsPro\Actions\NextCrm\NextCrmProHelper::addTagToContact	2/3	backend/Actions/NextCrm/Hooks.php	all	yes	3	exact	ok
bit_integrations_next_crm_change_contact_status	filter	10	3	BitApps\IntegrationsPro\Actions\NextCrm\NextCrmProHelper::changeContactStatus	2/3	backend/Actions/NextCrm/Hooks.php	all	yes	3	exact	ok
bit_integrations_next_crm_create_contact	filter	10	3	BitApps\IntegrationsPro\Actions\NextCrm\NextCrmProHelper::createContact	2/3	backend/Actions/NextCrm/Hooks.php	all	yes	3	exact	ok
bit_integrations_next_crm_create_list	filter	10	2	BitApps\IntegrationsPro\Actions\NextCrm\NextCrmProHelper::createList	2/2	backend/Actions/NextCrm/Hooks.php	all	yes	2	exact	ok
bit_integrations_next_crm_create_tag	filter	10	2	BitApps\IntegrationsPro\Actions\NextCrm\NextCrmProHelper::createTag	2/2	backend/Actions/NextCrm/Hooks.php	all	yes	2	exact	ok
bit_integrations_next_crm_delete_contact	filter	10	2	BitApps\IntegrationsPro\Actions\NextCrm\NextCrmProHelper::deleteContact	2/2	backend/Actions/NextCrm/Hooks.php	all	yes	2	exact	ok
bit_integrations_next_crm_remove_contact_from_list	filter	10	3	BitApps\IntegrationsPro\Actions\NextCrm\NextCrmProHelper::removeContactFromList	2/3	backend/Actions/NextCrm/Hooks.php	all	yes	3	exact	ok
bit_integrations_next_crm_remove_tag_from_contact	filter	10	3	BitApps\IntegrationsPro\Actions\NextCrm\NextCrmProHelper::removeTagFromContact	2/3	backend/Actions/NextCrm/Hooks.php	all	yes	3	exact	ok
bit_integrations_next_crm_send_campaign_email	filter	10	4	BitApps\IntegrationsPro\Actions\NextCrm\NextCrmProHelper::sendCampaignEmail	2/4	backend/Actions/NextCrm/Hooks.php	all	yes	4	exact	ok
bit_integrations_next_crm_update_contact	filter	10	3	BitApps\IntegrationsPro\Actions\NextCrm\NextCrmProHelper::updateContact	2/3	backend/Actions/NextCrm/Hooks.php	all	yes	3	exact	ok
bit_integrations_next_crm_update_contact_field	filter	10	3	BitApps\IntegrationsPro\Actions\NextCrm\NextCrmProHelper::updateContactField	2/3	backend/Actions/NextCrm/Hooks.php	all	yes	3	exact	ok
bit_integrations_ninjatables_add_row	filter	10	2	BitApps\IntegrationsPro\Actions\NinjaTables\NinjaTablesProHelper::addRowInTable	2/2	backend/Actions/NinjaTables/Hooks.php	all	yes	2	exact	ok
bit_integrations_ninjatables_update_row	filter	10	2	BitApps\IntegrationsPro\Actions\NinjaTables\NinjaTablesProHelper::updateRowInTable	2/2	backend/Actions/NinjaTables/Hooks.php	all	yes	2	exact	ok
bit_integrations_notificationx_add_email_subscription	filter	10	2	BitApps\IntegrationsPro\Actions\NotificationX\NotificationXProHelper::addEmailSubscription	2/2	backend/Actions/NotificationX/Hooks.php	all	yes	2	exact	ok
bit_integrations_notificationx_add_notification_entry	filter	10	2	BitApps\IntegrationsPro\Actions\NotificationX\NotificationXProHelper::addNotificationEntry	2/2	backend/Actions/NotificationX/Hooks.php	all	yes	2	exact	ok
bit_integrations_notificationx_add_reviews	filter	10	2	BitApps\IntegrationsPro\Actions\NotificationX\NotificationXProHelper::addReviews	2/2	backend/Actions/NotificationX/Hooks.php	all	yes	2	exact	ok
bit_integrations_notificationx_add_sales_notification	filter	10	2	BitApps\IntegrationsPro\Actions\NotificationX\NotificationXProHelper::addSalesNotification	2/2	backend/Actions/NotificationX/Hooks.php	all	yes	2	exact	ok
bit_integrations_notificationx_delete_notification	filter	10	2	BitApps\IntegrationsPro\Actions\NotificationX\NotificationXProHelper::deleteNotification	2/2	backend/Actions/NotificationX/Hooks.php	all	yes	2	exact	ok
bit_integrations_notificationx_disable_notification	filter	10	2	BitApps\IntegrationsPro\Actions\NotificationX\NotificationXProHelper::disableNotification	2/2	backend/Actions/NotificationX/Hooks.php	all	yes	2	exact	ok
bit_integrations_notificationx_enable_notification	filter	10	2	BitApps\IntegrationsPro\Actions\NotificationX\NotificationXProHelper::enableNotification	2/2	backend/Actions/NotificationX/Hooks.php	all	yes	2	exact	ok
bit_integrations_omnisend_custom_properties	filter	10	3	BitApps\IntegrationsPro\Actions\OmniSend\OmniSendHelperPro::setCustomProperties	3/3	backend/Actions/OmniSend/Hooks.php	all	yes	3	exact	ok
bit_integrations_peepso_add_post_activity_stream	filter	10	2	BitApps\IntegrationsPro\Actions\PeepSo\PeepSoProHelper::addPostActivityStream	2/2	backend/Actions/PeepSo/Hooks.php	all	yes	2	exact	ok
bit_integrations_peepso_change_user_role	filter	10	2	BitApps\IntegrationsPro\Actions\PeepSo\PeepSoProHelper::changeUserRole	2/2	backend/Actions/PeepSo/Hooks.php	all	yes	2	exact	ok
bit_integrations_peepso_follow_user	filter	10	2	BitApps\IntegrationsPro\Actions\PeepSo\PeepSoProHelper::followUser	2/2	backend/Actions/PeepSo/Hooks.php	all	yes	2	exact	ok
bit_integrations_pipedrive_store_related_list	action	10	6	BitApps\IntegrationsPro\Actions\PipeDrive\PipeDriveHelperPro::addRelatedList	6/6	backend/Actions/PipeDrive/Hooks.php	all	yes	6	exact	ok
bit_integrations_pointics_adjust_points	filter	10	2	BitApps\IntegrationsPro\Actions\Pointics\PointicsProHelper::adjustPoints	2/2	backend/Actions/Pointics/Hooks.php	all	yes	2	exact	ok
bit_integrations_pointics_award_channel_points	filter	10	3	BitApps\IntegrationsPro\Actions\Pointics\PointicsProHelper::awardChannelPoints	2/3	backend/Actions/Pointics/Hooks.php	all	yes	3	exact	ok
bit_integrations_pointics_cancel_redemption	filter	10	2	BitApps\IntegrationsPro\Actions\Pointics\PointicsProHelper::cancelRedemption	2/2	backend/Actions/Pointics/Hooks.php	all	yes	2	exact	ok
bit_integrations_pointics_cancel_referral_invite	filter	10	2	BitApps\IntegrationsPro\Actions\Pointics\PointicsProHelper::cancelReferralInvite	2/2	backend/Actions/Pointics/Hooks.php	all	yes	2	exact	ok
bit_integrations_pointics_complete_referral_purchase	filter	10	2	BitApps\IntegrationsPro\Actions\Pointics\PointicsProHelper::completeReferralPurchase	2/2	backend/Actions/Pointics/Hooks.php	all	yes	2	exact	ok
bit_integrations_pointics_complete_referral_registration	filter	10	2	BitApps\IntegrationsPro\Actions\Pointics\PointicsProHelper::completeReferralRegistration	2/2	backend/Actions/Pointics/Hooks.php	all	yes	2	exact	ok
bit_integrations_pointics_recompute_member_tier	filter	10	3	BitApps\IntegrationsPro\Actions\Pointics\PointicsProHelper::recomputeMemberTier	2/3	backend/Actions/Pointics/Hooks.php	all	yes	3	exact	ok
bit_integrations_pointics_send_referral_invite	filter	10	2	BitApps\IntegrationsPro\Actions\Pointics\PointicsProHelper::sendReferralInvite	2/2	backend/Actions/Pointics/Hooks.php	all	yes	2	exact	ok
bit_integrations_popup_maker_change_popup_status	filter	10	3	BitApps\IntegrationsPro\Actions\PopupMaker\PopupMakerProHelper::changePopupStatus	2/3	backend/Actions/PopupMaker/Hooks.php	all	yes	3	exact	ok
bit_integrations_popup_maker_create_popup	filter	10	4	BitApps\IntegrationsPro\Actions\PopupMaker\PopupMakerProHelper::createPopup	2/4	backend/Actions/PopupMaker/Hooks.php	all	yes	4	exact	ok
bit_integrations_popup_maker_create_subscriber	filter	10	4	BitApps\IntegrationsPro\Actions\PopupMaker\PopupMakerProHelper::createSubscriber	2/4	backend/Actions/PopupMaker/Hooks.php	all	yes	4	exact	ok
bit_integrations_popup_maker_delete_popup	filter	10	3	BitApps\IntegrationsPro\Actions\PopupMaker\PopupMakerProHelper::deletePopup	2/3	backend/Actions/PopupMaker/Hooks.php	all	yes	3	exact	ok
bit_integrations_popup_maker_delete_subscriber	filter	10	2	BitApps\IntegrationsPro\Actions\PopupMaker\PopupMakerProHelper::deleteSubscriber	2/2	backend/Actions/PopupMaker/Hooks.php	all	yes	2	exact	ok
bit_integrations_popup_maker_reset_popup_counts	filter	10	2	BitApps\IntegrationsPro\Actions\PopupMaker\PopupMakerProHelper::resetPopupCounts	2/2	backend/Actions/PopupMaker/Hooks.php	all	yes	2	exact	ok
bit_integrations_popup_maker_track_popup_event	filter	10	3	BitApps\IntegrationsPro\Actions\PopupMaker\PopupMakerProHelper::trackPopupEvent	2/3	backend/Actions/PopupMaker/Hooks.php	all	yes	3	exact	ok
bit_integrations_popup_maker_update_popup	filter	10	4	BitApps\IntegrationsPro\Actions\PopupMaker\PopupMakerProHelper::updatePopup	2/4	backend/Actions/PopupMaker/Hooks.php	all	yes	4	exact	ok
bit_integrations_popup_maker_update_subscriber	filter	10	4	BitApps\IntegrationsPro\Actions\PopupMaker\PopupMakerProHelper::updateSubscriber	2/4	backend/Actions/PopupMaker/Hooks.php	all	yes	4	exact	ok
bit_integrations_power_coupons_create_coupon	filter	10	3	BitApps\IntegrationsPro\Actions\PowerCoupons\PowerCouponsProHelper::createCoupon	2/3	backend/Actions/PowerCoupons/Hooks.php	all	yes	3	exact	ok
bit_integrations_power_coupons_delete_coupon	filter	10	3	BitApps\IntegrationsPro\Actions\PowerCoupons\PowerCouponsProHelper::deleteCoupon	2/3	backend/Actions/PowerCoupons/Hooks.php	all	yes	3	exact	ok
bit_integrations_power_coupons_toggle_auto_apply	filter	10	3	BitApps\IntegrationsPro\Actions\PowerCoupons\PowerCouponsProHelper::toggleAutoApply	2/3	backend/Actions/PowerCoupons/Hooks.php	all	yes	3	exact	ok
bit_integrations_power_coupons_toggle_show_in_slideout	filter	10	3	BitApps\IntegrationsPro\Actions\PowerCoupons\PowerCouponsProHelper::toggleShowInSlideout	2/3	backend/Actions/PowerCoupons/Hooks.php	all	yes	3	exact	ok
bit_integrations_power_coupons_update_coupon	filter	10	3	BitApps\IntegrationsPro\Actions\PowerCoupons\PowerCouponsProHelper::updateCoupon	2/3	backend/Actions/PowerCoupons/Hooks.php	all	yes	3	exact	ok
bit_integrations_pro_mainwp_sync_batch	action	10	1	BitApps\IntegrationsPro\Actions\MainWP\MainWPRecordHelper::processSyncBatch	1/1	backend/Actions/MainWP/Hooks.php	all	yes	1	exact	ok
bit_integrations_profilepress_add_new_order	filter	10	4	BitApps\IntegrationsPro\Actions\ProfilePress\ProfilePressProHelper::addNewOrder	2/4	backend/Actions/ProfilePress/Hooks.php	all	yes	4	exact	ok
bit_integrations_profilepress_add_or_update_customer	filter	10	2	BitApps\IntegrationsPro\Actions\ProfilePress\ProfilePressProHelper::addOrUpdateCustomer	2/2	backend/Actions/ProfilePress/Hooks.php	all	yes	2	exact	ok
bit_integrations_removeRoleCapabilities	filter	10	2	BitApps\IntegrationsPro\Actions\Registration\RegistrationHelperPro::removeRoleCapabilities	2/2	backend/Actions/Registration/Hooks.php	all	yes	2	folder	ok
bit_integrations_removeUserCapabilities	filter	10	2	BitApps\IntegrationsPro\Actions\Registration\RegistrationHelperPro::removeUserCapabilities	2/2	backend/Actions/Registration/Hooks.php	all	yes	2	folder	ok
bit_integrations_removeUserRole	filter	10	2	BitApps\IntegrationsPro\Actions\Registration\RegistrationHelperPro::removeUserRole	2/2	backend/Actions/Registration/Hooks.php	all	yes	2	folder	ok
bit_integrations_replyToComment	filter	10	2	BitApps\IntegrationsPro\Actions\PostCreation\PostCreationHelperPro::replyToComment	2/2	backend/Actions/PostCreation/Hooks.php	all	yes	2	folder	ok
bit_integrations_salesforce_add_lead_utilities	filter	10	2	BitApps\IntegrationsPro\Actions\Salesforce\SalesforceProHelper::addLeadUtilities	2/2	backend/Actions/Salesforce/Hooks.php	all	yes	2	exact	ok
bit_integrations_salesforce_get_lead_utilities	filter	10	3	BitApps\IntegrationsPro\Actions\Salesforce\SalesforceProHelper::getLeadUtilities	3/3	backend/Actions/Salesforce/Hooks.php	all	yes	3	exact	ok
bit_integrations_salesforce_update_record	filter	10	4	BitApps\IntegrationsPro\Actions\Salesforce\SalesforceProHelper::updateRecord	4/4	backend/Actions/Salesforce/Hooks.php	all	yes	4	exact	ok
bit_integrations_secure_custom_fields_update_group_field_value	filter	10	2	BitApps\IntegrationsPro\Actions\SecureCustomFields\SecureCustomFieldsRecordHelper::updateGroupFieldValue	2/2	backend/Actions/SecureCustomFields/Hooks.php	all	yes	2	exact	ok
bit_integrations_secure_custom_fields_update_option_acf_value	filter	10	2	BitApps\IntegrationsPro\Actions\SecureCustomFields\SecureCustomFieldsRecordHelper::updateOptionAcfValue	2/2	backend/Actions/SecureCustomFields/Hooks.php	all	yes	2	exact	ok
bit_integrations_secure_custom_fields_update_post_acf_value	filter	10	2	BitApps\IntegrationsPro\Actions\SecureCustomFields\SecureCustomFieldsRecordHelper::updatePostAcfValue	2/2	backend/Actions/SecureCustomFields/Hooks.php	all	yes	2	exact	ok
bit_integrations_secure_custom_fields_update_repeater_field_value	filter	10	2	BitApps\IntegrationsPro\Actions\SecureCustomFields\SecureCustomFieldsRecordHelper::updateRepeaterFieldValue	2/2	backend/Actions/SecureCustomFields/Hooks.php	all	yes	2	exact	ok
bit_integrations_secure_custom_fields_update_user_acf_value	filter	10	2	BitApps\IntegrationsPro\Actions\SecureCustomFields\SecureCustomFieldsRecordHelper::updateUserAcfValue	2/2	backend/Actions/SecureCustomFields/Hooks.php	all	yes	2	exact	ok
bit_integrations_sendPulse_refresh_fields	action	10	3	BitApps\IntegrationsPro\Actions\SendPulse\SendPulseHelperPro::refreshFields	3/3	backend/Actions/SendPulse/Hooks.php	all	yes	3	exact	ok
bit_integrations_sender_add_subscriber_to_group	filter	10	3	BitApps\IntegrationsPro\Actions\Sender\SenderProHelper::addSubscriberToGroup	3/3	backend/Actions/Sender/Hooks.php	all	yes	3	exact	ok
bit_integrations_sender_create_group	filter	10	3	BitApps\IntegrationsPro\Actions\Sender\SenderProHelper::createGroup	3/3	backend/Actions/Sender/Hooks.php	all	yes	3	exact	ok
bit_integrations_sender_create_or_update_subscriber	filter	10	3	BitApps\IntegrationsPro\Actions\Sender\SenderProHelper::createOrUpdateSubscriber	3/3	backend/Actions/Sender/Hooks.php	all	yes	3	exact	ok
bit_integrations_sender_delete_group	filter	10	3	BitApps\IntegrationsPro\Actions\Sender\SenderProHelper::deleteGroup	3/3	backend/Actions/Sender/Hooks.php	all	yes	3	exact	ok
bit_integrations_sender_delete_subscriber	filter	10	3	BitApps\IntegrationsPro\Actions\Sender\SenderProHelper::deleteSubscriber	3/3	backend/Actions/Sender/Hooks.php	all	yes	3	exact	ok
bit_integrations_sender_remove_phone_from_subscriber	filter	10	3	BitApps\IntegrationsPro\Actions\Sender\SenderProHelper::removePhoneFromSubscriber	3/3	backend/Actions/Sender/Hooks.php	all	yes	3	exact	ok
bit_integrations_sender_remove_subscriber_from_group	filter	10	3	BitApps\IntegrationsPro\Actions\Sender\SenderProHelper::removeSubscriberFromGroup	3/3	backend/Actions/Sender/Hooks.php	all	yes	3	exact	ok
bit_integrations_sender_update_group	filter	10	3	BitApps\IntegrationsPro\Actions\Sender\SenderProHelper::updateGroup	3/3	backend/Actions/Sender/Hooks.php	all	yes	3	exact	ok
bit_integrations_sender_update_subscriber	filter	10	3	BitApps\IntegrationsPro\Actions\Sender\SenderProHelper::updateSubscriber	3/3	backend/Actions/Sender/Hooks.php	all	yes	3	exact	ok
bit_integrations_sensei_lms_complete_course_for_user	filter	10	3	BitApps\IntegrationsPro\Actions\SenseiLMS\SenseiLMSProHelper::completeCourseForUser	3/3	backend/Actions/SenseiLMS/Hooks.php	all	yes	3	exact	ok
bit_integrations_sensei_lms_create_certificate	filter	10	3	BitApps\IntegrationsPro\Actions\SenseiLMS\SenseiLMSProHelper::createCertificate	3/3	backend/Actions/SenseiLMS/Hooks.php	all	yes	3	exact	ok
bit_integrations_sensei_lms_create_course	filter	10	3	BitApps\IntegrationsPro\Actions\SenseiLMS\SenseiLMSProHelper::createCourse	3/3	backend/Actions/SenseiLMS/Hooks.php	all	yes	3	exact	ok
bit_integrations_sensei_lms_create_lesson	filter	10	3	BitApps\IntegrationsPro\Actions\SenseiLMS\SenseiLMSProHelper::createLesson	3/3	backend/Actions/SenseiLMS/Hooks.php	all	yes	3	exact	ok
bit_integrations_sensei_lms_enroll_user_in_course	filter	10	3	BitApps\IntegrationsPro\Actions\SenseiLMS\SenseiLMSProHelper::enrollUserInCourse	3/3	backend/Actions/SenseiLMS/Hooks.php	all	yes	3	exact	ok
bit_integrations_sensei_lms_grade_quiz	filter	10	3	BitApps\IntegrationsPro\Actions\SenseiLMS\SenseiLMSProHelper::gradeQuiz	3/3	backend/Actions/SenseiLMS/Hooks.php	all	yes	3	exact	ok
bit_integrations_sensei_lms_reset_course_for_user	filter	10	3	BitApps\IntegrationsPro\Actions\SenseiLMS\SenseiLMSProHelper::resetCourseForUser	3/3	backend/Actions/SenseiLMS/Hooks.php	all	yes	3	exact	ok
bit_integrations_sensei_lms_reset_lesson_for_user	filter	10	3	BitApps\IntegrationsPro\Actions\SenseiLMS\SenseiLMSProHelper::resetLessonForUser	3/3	backend/Actions/SenseiLMS/Hooks.php	all	yes	3	exact	ok
bit_integrations_sensei_lms_start_course_for_user	filter	10	3	BitApps\IntegrationsPro\Actions\SenseiLMS\SenseiLMSProHelper::startCourseForUser	3/3	backend/Actions/SenseiLMS/Hooks.php	all	yes	3	exact	ok
bit_integrations_sensei_lms_start_lesson_for_user	filter	10	3	BitApps\IntegrationsPro\Actions\SenseiLMS\SenseiLMSProHelper::startLessonForUser	3/3	backend/Actions/SenseiLMS/Hooks.php	all	yes	3	exact	ok
bit_integrations_sensei_lms_update_lesson_status	filter	10	3	BitApps\IntegrationsPro\Actions\SenseiLMS\SenseiLMSProHelper::updateLessonStatus	3/3	backend/Actions/SenseiLMS/Hooks.php	all	yes	3	exact	ok
bit_integrations_sensei_lms_withdraw_user_from_course	filter	10	3	BitApps\IntegrationsPro\Actions\SenseiLMS\SenseiLMSProHelper::withdrawUserFromCourse	3/3	backend/Actions/SenseiLMS/Hooks.php	all	yes	3	exact	ok
bit_integrations_seopress_update_post_meta	filter	10	3	BitApps\IntegrationsPro\Actions\SeoPress\SeoPressProHelper::updatePostMeta	2/2	backend/Actions/SeoPress/Hooks.php	all	yes	2	exact	ok
bit_integrations_smartSuite_create_record	filter	10	5	BitApps\IntegrationsPro\Actions\SmartSuite\SmartSuiteProHelper::createRecord	5/5	backend/Actions/SmartSuite/Hooks.php	all	yes	5	exact	ok
bit_integrations_smartSuite_create_table	filter	10	5	BitApps\IntegrationsPro\Actions\SmartSuite\SmartSuiteProHelper::createTable	5/5	backend/Actions/SmartSuite/Hooks.php	all	yes	5	exact	ok
bit_integrations_sure_contact_add_contacts_to_list	filter	10	4	BitApps\IntegrationsPro\Actions\SureContact\SureContactHelperPro::addContactsToList	4/4	backend/Actions/SureContact/Hooks.php	all	yes	4	exact	ok
bit_integrations_sure_contact_add_contacts_to_tag	filter	10	4	BitApps\IntegrationsPro\Actions\SureContact\SureContactHelperPro::addContactsToTag	4/4	backend/Actions/SureContact/Hooks.php	all	yes	4	exact	ok
bit_integrations_sure_contact_attach_contacts_to_task	filter	10	4	BitApps\IntegrationsPro\Actions\SureContact\SureContactHelperPro::attachContactsToTask	4/4	backend/Actions/SureContact/Hooks.php	all	yes	4	exact	ok
bit_integrations_sure_contact_attach_lists_to_contact	filter	10	4	BitApps\IntegrationsPro\Actions\SureContact\SureContactHelperPro::attachListsToContact	4/4	backend/Actions/SureContact/Hooks.php	all	yes	4	exact	ok
bit_integrations_sure_contact_attach_tags_to_contact	filter	10	4	BitApps\IntegrationsPro\Actions\SureContact\SureContactHelperPro::attachTagsToContact	4/4	backend/Actions/SureContact/Hooks.php	all	yes	4	exact	ok
bit_integrations_sure_contact_bulk_delete_campaigns	filter	10	4	BitApps\IntegrationsPro\Actions\SureContact\SureContactHelperPro::bulkDeleteCampaigns	4/4	backend/Actions/SureContact/Hooks.php	all	yes	4	exact	ok
bit_integrations_sure_contact_cancel_purchase	filter	10	4	BitApps\IntegrationsPro\Actions\SureContact\SureContactHelperPro::cancelPurchase	4/4	backend/Actions/SureContact/Hooks.php	all	yes	4	exact	ok
bit_integrations_sure_contact_copy_list	filter	10	4	BitApps\IntegrationsPro\Actions\SureContact\SureContactHelperPro::copyList	4/4	backend/Actions/SureContact/Hooks.php	all	yes	4	exact	ok
bit_integrations_sure_contact_create_campaign	filter	10	4	BitApps\IntegrationsPro\Actions\SureContact\SureContactHelperPro::createCampaign	4/4	backend/Actions/SureContact/Hooks.php	all	yes	4	exact	ok
bit_integrations_sure_contact_create_contact	filter	10	4	BitApps\IntegrationsPro\Actions\SureContact\SureContactHelperPro::createContact	4/4	backend/Actions/SureContact/Hooks.php	all	yes	4	exact	ok
bit_integrations_sure_contact_create_contact_activity	filter	10	4	BitApps\IntegrationsPro\Actions\SureContact\SureContactHelperPro::createContactActivity	4/4	backend/Actions/SureContact/Hooks.php	all	yes	4	exact	ok
bit_integrations_sure_contact_create_contact_note	filter	10	4	BitApps\IntegrationsPro\Actions\SureContact\SureContactHelperPro::createContactNote	4/4	backend/Actions/SureContact/Hooks.php	all	yes	4	exact	ok
bit_integrations_sure_contact_create_list	filter	10	4	BitApps\IntegrationsPro\Actions\SureContact\SureContactHelperPro::createList	4/4	backend/Actions/SureContact/Hooks.php	all	yes	4	exact	ok
bit_integrations_sure_contact_create_page	filter	10	4	BitApps\IntegrationsPro\Actions\SureContact\SureContactHelperPro::createPage	4/4	backend/Actions/SureContact/Hooks.php	all	yes	4	exact	ok
bit_integrations_sure_contact_create_purchase	filter	10	4	BitApps\IntegrationsPro\Actions\SureContact\SureContactHelperPro::createPurchase	4/4	backend/Actions/SureContact/Hooks.php	all	yes	4	exact	ok
bit_integrations_sure_contact_create_tag	filter	10	4	BitApps\IntegrationsPro\Actions\SureContact\SureContactHelperPro::createTag	4/4	backend/Actions/SureContact/Hooks.php	all	yes	4	exact	ok
bit_integrations_sure_contact_create_task	filter	10	4	BitApps\IntegrationsPro\Actions\SureContact\SureContactHelperPro::createTask	4/4	backend/Actions/SureContact/Hooks.php	all	yes	4	exact	ok
bit_integrations_sure_contact_delete_campaign	filter	10	4	BitApps\IntegrationsPro\Actions\SureContact\SureContactHelperPro::deleteCampaign	4/4	backend/Actions/SureContact/Hooks.php	all	yes	4	exact	ok
bit_integrations_sure_contact_delete_contact	filter	10	4	BitApps\IntegrationsPro\Actions\SureContact\SureContactHelperPro::deleteContact	4/4	backend/Actions/SureContact/Hooks.php	all	yes	4	exact	ok
bit_integrations_sure_contact_delete_list	filter	10	4	BitApps\IntegrationsPro\Actions\SureContact\SureContactHelperPro::deleteList	4/4	backend/Actions/SureContact/Hooks.php	all	yes	4	exact	ok
bit_integrations_sure_contact_delete_note	filter	10	4	BitApps\IntegrationsPro\Actions\SureContact\SureContactHelperPro::deleteNote	4/4	backend/Actions/SureContact/Hooks.php	all	yes	4	exact	ok
bit_integrations_sure_contact_delete_page	filter	10	4	BitApps\IntegrationsPro\Actions\SureContact\SureContactHelperPro::deletePage	4/4	backend/Actions/SureContact/Hooks.php	all	yes	4	exact	ok
bit_integrations_sure_contact_delete_tag	filter	10	4	BitApps\IntegrationsPro\Actions\SureContact\SureContactHelperPro::deleteTag	4/4	backend/Actions/SureContact/Hooks.php	all	yes	4	exact	ok
bit_integrations_sure_contact_delete_task	filter	10	4	BitApps\IntegrationsPro\Actions\SureContact\SureContactHelperPro::deleteTask	4/4	backend/Actions/SureContact/Hooks.php	all	yes	4	exact	ok
bit_integrations_sure_contact_detach_contacts_from_task	filter	10	4	BitApps\IntegrationsPro\Actions\SureContact\SureContactHelperPro::detachContactsFromTask	4/4	backend/Actions/SureContact/Hooks.php	all	yes	4	exact	ok
bit_integrations_sure_contact_detach_lists_from_contact	filter	10	4	BitApps\IntegrationsPro\Actions\SureContact\SureContactHelperPro::detachListsFromContact	4/4	backend/Actions/SureContact/Hooks.php	all	yes	4	exact	ok
bit_integrations_sure_contact_detach_tags_from_contact	filter	10	4	BitApps\IntegrationsPro\Actions\SureContact\SureContactHelperPro::detachTagsFromContact	4/4	backend/Actions/SureContact/Hooks.php	all	yes	4	exact	ok
bit_integrations_sure_contact_duplicate_campaign	filter	10	4	BitApps\IntegrationsPro\Actions\SureContact\SureContactHelperPro::duplicateCampaign	4/4	backend/Actions/SureContact/Hooks.php	all	yes	4	exact	ok
bit_integrations_sure_contact_mark_task_done	filter	10	4	BitApps\IntegrationsPro\Actions\SureContact\SureContactHelperPro::markTaskDone	4/4	backend/Actions/SureContact/Hooks.php	all	yes	4	exact	ok
bit_integrations_sure_contact_mark_task_undone	filter	10	4	BitApps\IntegrationsPro\Actions\SureContact\SureContactHelperPro::markTaskUndone	4/4	backend/Actions/SureContact/Hooks.php	all	yes	4	exact	ok
bit_integrations_sure_contact_refund_purchase	filter	10	4	BitApps\IntegrationsPro\Actions\SureContact\SureContactHelperPro::refundPurchase	4/4	backend/Actions/SureContact/Hooks.php	all	yes	4	exact	ok
bit_integrations_sure_contact_remove_contacts_from_list	filter	10	4	BitApps\IntegrationsPro\Actions\SureContact\SureContactHelperPro::removeContactsFromList	4/4	backend/Actions/SureContact/Hooks.php	all	yes	4	exact	ok
bit_integrations_sure_contact_remove_contacts_from_tag	filter	10	4	BitApps\IntegrationsPro\Actions\SureContact\SureContactHelperPro::removeContactsFromTag	4/4	backend/Actions/SureContact/Hooks.php	all	yes	4	exact	ok
bit_integrations_sure_contact_update_campaign	filter	10	4	BitApps\IntegrationsPro\Actions\SureContact\SureContactHelperPro::updateCampaign	4/4	backend/Actions/SureContact/Hooks.php	all	yes	4	exact	ok
bit_integrations_sure_contact_update_contact	filter	10	4	BitApps\IntegrationsPro\Actions\SureContact\SureContactHelperPro::updateContact	4/4	backend/Actions/SureContact/Hooks.php	all	yes	4	exact	ok
bit_integrations_sure_contact_update_contact_status	filter	10	4	BitApps\IntegrationsPro\Actions\SureContact\SureContactHelperPro::updateContactStatus	4/4	backend/Actions/SureContact/Hooks.php	all	yes	4	exact	ok
bit_integrations_sure_contact_update_list	filter	10	4	BitApps\IntegrationsPro\Actions\SureContact\SureContactHelperPro::updateList	4/4	backend/Actions/SureContact/Hooks.php	all	yes	4	exact	ok
bit_integrations_sure_contact_update_note	filter	10	4	BitApps\IntegrationsPro\Actions\SureContact\SureContactHelperPro::updateNote	4/4	backend/Actions/SureContact/Hooks.php	all	yes	4	exact	ok
bit_integrations_sure_contact_update_page	filter	10	4	BitApps\IntegrationsPro\Actions\SureContact\SureContactHelperPro::updatePage	4/4	backend/Actions/SureContact/Hooks.php	all	yes	4	exact	ok
bit_integrations_sure_contact_update_tag	filter	10	4	BitApps\IntegrationsPro\Actions\SureContact\SureContactHelperPro::updateTag	4/4	backend/Actions/SureContact/Hooks.php	all	yes	4	exact	ok
bit_integrations_sure_contact_update_task	filter	10	4	BitApps\IntegrationsPro\Actions\SureContact\SureContactHelperPro::updateTask	4/4	backend/Actions/SureContact/Hooks.php	all	yes	4	exact	ok
bit_integrations_sure_contact_upsert_contact	filter	10	4	BitApps\IntegrationsPro\Actions\SureContact\SureContactHelperPro::upsertContact	4/4	backend/Actions/SureContact/Hooks.php	all	yes	4	exact	ok
bit_integrations_sure_dash_bookmark_item	filter	10	2	BitApps\IntegrationsPro\Actions\SureDash\SureDashRecordHelper::bookmarkItem	2/2	backend/Actions/SureDash/Hooks.php	all	yes	2	exact	ok
bit_integrations_sure_dash_create_comment	filter	10	3	BitApps\IntegrationsPro\Actions\SureDash\SureDashRecordHelper::createComment	2/3	backend/Actions/SureDash/Hooks.php	all	yes	3	exact	ok
bit_integrations_sure_dash_create_post	filter	10	3	BitApps\IntegrationsPro\Actions\SureDash\SureDashRecordHelper::createPost	2/3	backend/Actions/SureDash/Hooks.php	all	yes	3	exact	ok
bit_integrations_sure_dash_delete_comment	filter	10	2	BitApps\IntegrationsPro\Actions\SureDash\SureDashRecordHelper::deleteComment	2/2	backend/Actions/SureDash/Hooks.php	all	yes	2	exact	ok
bit_integrations_sure_dash_delete_post	filter	10	2	BitApps\IntegrationsPro\Actions\SureDash\SureDashRecordHelper::deletePost	2/2	backend/Actions/SureDash/Hooks.php	all	yes	2	exact	ok
bit_integrations_sure_dash_react_to_entity	filter	10	2	BitApps\IntegrationsPro\Actions\SureDash\SureDashRecordHelper::reactToEntity	2/2	backend/Actions/SureDash/Hooks.php	all	yes	2	exact	ok
bit_integrations_sure_dash_update_user_profile	filter	10	2	BitApps\IntegrationsPro\Actions\SureDash\SureDashRecordHelper::updateUserProfile	2/2	backend/Actions/SureDash/Hooks.php	all	yes	2	exact	ok
bit_integrations_teams_for_wc_memberships_add_member	filter	10	3	BitApps\IntegrationsPro\Actions\TeamsForWooCommerceMemberships\TeamsForWooCommerceMembershipsProHelper::addMemberToTeam	3/3	backend/Actions/TeamsForWooCommerceMemberships/Hooks.php	all	yes	3	exact	ok
bit_integrations_teams_for_wc_memberships_invite_user	filter	10	3	BitApps\IntegrationsPro\Actions\TeamsForWooCommerceMemberships\TeamsForWooCommerceMembershipsProHelper::inviteUserToTeam	3/3	backend/Actions/TeamsForWooCommerceMemberships/Hooks.php	all	yes	3	exact	ok
bit_integrations_teams_for_wc_memberships_remove_member	filter	10	3	BitApps\IntegrationsPro\Actions\TeamsForWooCommerceMemberships\TeamsForWooCommerceMembershipsProHelper::removeMemberFromTeam	3/3	backend/Actions/TeamsForWooCommerceMemberships/Hooks.php	all	yes	3	exact	ok
bit_integrations_teams_for_wc_memberships_update_role	filter	10	3	BitApps\IntegrationsPro\Actions\TeamsForWooCommerceMemberships\TeamsForWooCommerceMembershipsProHelper::updateMemberRole	3/3	backend/Actions/TeamsForWooCommerceMemberships/Hooks.php	all	yes	3	exact	ok
bit_integrations_trello_get_all_custom_fields	filter	10	4	BitApps\IntegrationsPro\Actions\Trello\TrelloHelperPro::getAllCustomFields	4/4	backend/Actions/Trello/Hooks.php	all	yes	4	exact	ok
bit_integrations_trello_store_custom_fields	action	10	5	BitApps\IntegrationsPro\Actions\Trello\TrelloHelperPro::storeCustomFields	5/5	backend/Actions/Trello/Hooks.php	all	yes	5	exact	ok
bit_integrations_ultimateaffiliatepro_change_transaction_status	filter	10	2	BitApps\IntegrationsPro\Actions\UltimateAffiliatePro\UltimateAffiliateProProHelper::changeTransactionStatus	2/2	backend/Actions/UltimateAffiliatePro/Hooks.php	all	yes	2	exact	ok
bit_integrations_ultimateaffiliatepro_create_affiliate	filter	10	2	BitApps\IntegrationsPro\Actions\UltimateAffiliatePro\UltimateAffiliateProProHelper::createAffiliate	2/2	backend/Actions/UltimateAffiliatePro/Hooks.php	all	yes	2	exact	ok
bit_integrations_ultimateaffiliatepro_create_referral	filter	10	2	BitApps\IntegrationsPro\Actions\UltimateAffiliatePro\UltimateAffiliateProProHelper::createReferral	2/2	backend/Actions/UltimateAffiliatePro/Hooks.php	all	yes	2	exact	ok
bit_integrations_ultimateaffiliatepro_insert_payment	filter	10	2	BitApps\IntegrationsPro\Actions\UltimateAffiliatePro\UltimateAffiliateProProHelper::insertPayment	2/2	backend/Actions/UltimateAffiliatePro/Hooks.php	all	yes	2	exact	ok
bit_integrations_updateExistingPost	filter	10	2	BitApps\IntegrationsPro\Actions\PostCreation\PostCreationHelperPro::updateExistingPost	2/2	backend/Actions/PostCreation/Hooks.php	all	yes	2	folder	ok
bit_integrations_updatePostStatus	filter	10	2	BitApps\IntegrationsPro\Actions\PostCreation\PostCreationHelperPro::updatePostStatus	2/2	backend/Actions/PostCreation/Hooks.php	all	yes	2	folder	ok
bit_integrations_updateUserMetadata	filter	10	2	BitApps\IntegrationsPro\Actions\Registration\RegistrationHelperPro::updateUserMetadata	2/2	backend/Actions/Registration/Hooks.php	all	yes	2	folder	ok
bit_integrations_updateUserRole	filter	10	2	BitApps\IntegrationsPro\Actions\Registration\RegistrationHelperPro::updateUserRole	2/2	backend/Actions/Registration/Hooks.php	all	yes	2	folder	ok
bit_integrations_user_registration_create_user	filter	10	3	BitApps\IntegrationsPro\Actions\UserRegistrationMembership\UserRegistrationMembershipProHelper::createUser	3/3	backend/Actions/UserRegistrationMembership/Hooks.php	all	yes	3	exact	ok
bit_integrations_wcaffiliate_create_affiliate	filter	10	2	BitApps\IntegrationsPro\Actions\WCAffiliate\WCAffiliateProHelper::createAffiliate	2/2	backend/Actions/WCAffiliate/Hooks.php	all	yes	2	exact	ok
bit_integrations_wcaffiliate_create_referral	filter	10	2	BitApps\IntegrationsPro\Actions\WCAffiliate\WCAffiliateProHelper::createReferral	2/2	backend/Actions/WCAffiliate/Hooks.php	all	yes	2	exact	ok
bit_integrations_wcaffiliate_create_transaction	filter	10	2	BitApps\IntegrationsPro\Actions\WCAffiliate\WCAffiliateProHelper::createTransaction	2/2	backend/Actions/WCAffiliate/Hooks.php	all	yes	2	exact	ok
bit_integrations_wcaffiliate_update_affiliate_status	filter	10	2	BitApps\IntegrationsPro\Actions\WCAffiliate\WCAffiliateProHelper::updateAffiliateStatus	2/2	backend/Actions/WCAffiliate/Hooks.php	all	yes	2	exact	ok
bit_integrations_wcaffiliate_update_referral_status	filter	10	2	BitApps\IntegrationsPro\Actions\WCAffiliate\WCAffiliateProHelper::updateReferralStatus	2/2	backend/Actions/WCAffiliate/Hooks.php	all	yes	2	exact	ok
bit_integrations_wcaffiliate_update_transaction_status	filter	10	2	BitApps\IntegrationsPro\Actions\WCAffiliate\WCAffiliateProHelper::updateTransactionStatus	2/2	backend/Actions/WCAffiliate/Hooks.php	all	yes	2	exact	ok
bit_integrations_webba_booking_approve	filter	10	3	BitApps\IntegrationsPro\Actions\WebbaBooking\WebbaBookingProActions::approveBooking	2/3	backend/Actions/WebbaBooking/Hooks.php	all	yes	3	inferred	ok
bit_integrations_webba_booking_cancel	filter	10	3	BitApps\IntegrationsPro\Actions\WebbaBooking\WebbaBookingProActions::cancelBooking	2/3	backend/Actions/WebbaBooking/Hooks.php	all	yes	3	inferred	ok
bit_integrations_webba_booking_create_booking	filter	10	3	BitApps\IntegrationsPro\Actions\WebbaBooking\WebbaBookingProActions::createBooking	2/3	backend/Actions/WebbaBooking/Hooks.php	all	yes	3	inferred	ok
bit_integrations_webba_booking_create_category	filter	10	2	BitApps\IntegrationsPro\Actions\WebbaBooking\WebbaBookingProActions::createServiceCategory	2/2	backend/Actions/WebbaBooking/Hooks.php	all	yes	3	inferred	ok
bit_integrations_webba_booking_create_coupon	filter	10	2	BitApps\IntegrationsPro\Actions\WebbaBooking\WebbaBookingProActions::createCoupon	2/2	backend/Actions/WebbaBooking/Hooks.php	all	yes	3	inferred	ok
bit_integrations_webba_booking_create_location	filter	10	2	BitApps\IntegrationsPro\Actions\WebbaBooking\WebbaBookingProActions::createLocation	2/2	backend/Actions/WebbaBooking/Hooks.php	all	yes	3	inferred	ok
bit_integrations_webba_booking_create_service	filter	10	3	BitApps\IntegrationsPro\Actions\WebbaBooking\WebbaBookingProActions::createService	2/3	backend/Actions/WebbaBooking/Hooks.php	all	yes	3	inferred	ok
bit_integrations_webba_booking_create_staff	filter	10	2	BitApps\IntegrationsPro\Actions\WebbaBooking\WebbaBookingProActions::createStaffMember	2/2	backend/Actions/WebbaBooking/Hooks.php	all	yes	3	inferred	ok
bit_integrations_webba_booking_delete	filter	10	3	BitApps\IntegrationsPro\Actions\WebbaBooking\WebbaBookingProActions::deleteBooking	2/3	backend/Actions/WebbaBooking/Hooks.php	all	yes	3	inferred	ok
bit_integrations_webba_booking_set_paid	filter	10	3	BitApps\IntegrationsPro\Actions\WebbaBooking\WebbaBookingProActions::setBookingAsPaid	2/3	backend/Actions/WebbaBooking/Hooks.php	all	yes	3	inferred	ok
bit_integrations_webba_booking_update_coupon	filter	10	3	BitApps\IntegrationsPro\Actions\WebbaBooking\WebbaBookingProActions::updateCoupon	2/3	backend/Actions/WebbaBooking/Hooks.php	all	yes	3	inferred	ok
bit_integrations_webba_booking_update_service	filter	10	3	BitApps\IntegrationsPro\Actions\WebbaBooking\WebbaBookingProActions::updateService	2/3	backend/Actions/WebbaBooking/Hooks.php	all	yes	3	inferred	ok
bit_integrations_webba_booking_update_status	filter	10	3	BitApps\IntegrationsPro\Actions\WebbaBooking\WebbaBookingProActions::updateBookingStatus	2/3	backend/Actions/WebbaBooking/Hooks.php	all	yes	3	inferred	ok
bit_integrations_wedocs_create_article	filter	10	2	BitApps\IntegrationsPro\Actions\WeDocs\WeDocsProHelper::createArticle	2/2	backend/Actions/WeDocs/Hooks.php	all	yes	2	exact	ok
bit_integrations_wedocs_create_documentation	filter	10	2	BitApps\IntegrationsPro\Actions\WeDocs\WeDocsProHelper::createDocumentation	2/2	backend/Actions/WeDocs/Hooks.php	all	yes	2	exact	ok
bit_integrations_wedocs_create_section	filter	10	2	BitApps\IntegrationsPro\Actions\WeDocs\WeDocsProHelper::createSection	2/2	backend/Actions/WeDocs/Hooks.php	all	yes	2	exact	ok
bit_integrations_whatsapp_send_contact_messages	filter	10	5	BitApps\IntegrationsPro\Actions\WhatsApp\WhatsAppHelperPro::sendContactMessages	5/5	backend/Actions/WhatsApp/Hooks.php	all	yes	5	exact	ok
bit_integrations_whatsapp_send_media_messages	filter	10	5	BitApps\IntegrationsPro\Actions\WhatsApp\WhatsAppHelperPro::sendMediaMessages	5/5	backend/Actions/WhatsApp/Hooks.php	all	yes	5	exact	ok
bit_integrations_whatsapp_send_text_messages	filter	10	5	BitApps\IntegrationsPro\Actions\WhatsApp\WhatsAppHelperPro::sendTextMessages	5/5	backend/Actions/WhatsApp/Hooks.php	all	yes	5	exact	ok
bit_integrations_whatsapp_template_components	filter	10	2	BitApps\IntegrationsPro\Actions\WhatsApp\WhatsAppHelperPro::buildTemplateComponents	2/2	backend/Actions/WhatsApp/Hooks.php	all	yes	2	exact	ok
bit_integrations_wishlist_add_member_to_level	filter	10	3	BitApps\IntegrationsPro\Actions\WishlistMember\WishlistMemberHelperPro::addMemberToLevel	3/3	backend/Actions/WishlistMember/Hooks.php	all	yes	3	exact	ok
bit_integrations_wishlist_create_member	filter	10	4	BitApps\IntegrationsPro\Actions\WishlistMember\WishlistMemberHelperPro::createMember	2/4	backend/Actions/WishlistMember/Hooks.php	all	yes	4	exact	ok
bit_integrations_wishlist_delete_level	filter	10	2	BitApps\IntegrationsPro\Actions\WishlistMember\WishlistMemberHelperPro::deleteLevel	2/2	backend/Actions/WishlistMember/Hooks.php	all	yes	2	exact	ok
bit_integrations_wishlist_delete_member	filter	10	2	BitApps\IntegrationsPro\Actions\WishlistMember\WishlistMemberHelperPro::deleteMember	2/2	backend/Actions/WishlistMember/Hooks.php	all	yes	2	exact	ok
bit_integrations_wishlist_remove_member_from_level	filter	10	3	BitApps\IntegrationsPro\Actions\WishlistMember\WishlistMemberHelperPro::removeMemberFromLevel	3/3	backend/Actions/WishlistMember/Hooks.php	all	yes	3	exact	ok
bit_integrations_wishlist_update_level	filter	10	2	BitApps\IntegrationsPro\Actions\WishlistMember\WishlistMemberHelperPro::updateLevel	2/2	backend/Actions/WishlistMember/Hooks.php	all	yes	2	exact	ok
bit_integrations_wishlist_update_member	filter	10	2	BitApps\IntegrationsPro\Actions\WishlistMember\WishlistMemberHelperPro::updateMember	2/2	backend/Actions/WishlistMember/Hooks.php	all	yes	2	exact	ok
bit_integrations_wordpress_activatePlugin	filter	10	3	BitApps\IntegrationsPro\Actions\WordPress\WordPressProHelper::activatePlugin	3/3	backend/Actions/WordPress/Hooks.php	all	yes	3	exact	ok
bit_integrations_wordpress_addCategoryToPost	filter	10	3	BitApps\IntegrationsPro\Actions\WordPress\WordPressProHelper::addCategoryToPost	3/3	backend/Actions/WordPress/Hooks.php	all	yes	3	exact	ok
bit_integrations_wordpress_addNewImage	filter	10	3	BitApps\IntegrationsPro\Actions\WordPress\WordPressProHelper::addNewImage	3/3	backend/Actions/WordPress/Hooks.php	all	yes	3	exact	ok
bit_integrations_wordpress_addPostTypeFeatures	filter	10	3	BitApps\IntegrationsPro\Actions\WordPress\WordPressProHelper::addPostTypeFeatures	3/3	backend/Actions/WordPress/Hooks.php	all	yes	3	exact	ok
bit_integrations_wordpress_addTagsToPost	filter	10	3	BitApps\IntegrationsPro\Actions\WordPress\WordPressProHelper::addTagsToPost	3/3	backend/Actions/WordPress/Hooks.php	all	yes	3	exact	ok
bit_integrations_wordpress_addTaxonomyToPost	filter	10	3	BitApps\IntegrationsPro\Actions\WordPress\WordPressProHelper::addTaxonomyToPost	3/3	backend/Actions/WordPress/Hooks.php	all	yes	3	exact	ok
bit_integrations_wordpress_checkPluginActivationStatus	filter	10	3	BitApps\IntegrationsPro\Actions\WordPress\WordPressProHelper::checkPluginActivationStatus	3/3	backend/Actions/WordPress/Hooks.php	all	yes	3	exact	ok
bit_integrations_wordpress_createCategory	filter	10	3	BitApps\IntegrationsPro\Actions\WordPress\WordPressProHelper::createCategory	3/3	backend/Actions/WordPress/Hooks.php	all	yes	3	exact	ok
bit_integrations_wordpress_createNewTerm	filter	10	3	BitApps\IntegrationsPro\Actions\WordPress\WordPressProHelper::createNewTerm	3/3	backend/Actions/WordPress/Hooks.php	all	yes	3	exact	ok
bit_integrations_wordpress_createPostTag	filter	10	3	BitApps\IntegrationsPro\Actions\WordPress\WordPressProHelper::createPostTag	3/3	backend/Actions/WordPress/Hooks.php	all	yes	3	exact	ok
bit_integrations_wordpress_createProductCategory	filter	10	3	BitApps\IntegrationsPro\Actions\WordPress\WordPressProHelper::createProductCategory	3/3	backend/Actions/WordPress/Hooks.php	all	yes	3	exact	ok
bit_integrations_wordpress_createProductTag	filter	10	3	BitApps\IntegrationsPro\Actions\WordPress\WordPressProHelper::createProductTag	3/3	backend/Actions/WordPress/Hooks.php	all	yes	3	exact	ok
bit_integrations_wordpress_createProductType	filter	10	3	BitApps\IntegrationsPro\Actions\WordPress\WordPressProHelper::createProductType	3/3	backend/Actions/WordPress/Hooks.php	all	yes	3	exact	ok
bit_integrations_wordpress_deleteCategory	filter	10	3	BitApps\IntegrationsPro\Actions\WordPress\WordPressProHelper::deleteCategory	3/3	backend/Actions/WordPress/Hooks.php	all	yes	3	exact	ok
bit_integrations_wordpress_deleteMedia	filter	10	3	BitApps\IntegrationsPro\Actions\WordPress\WordPressProHelper::deleteMedia	3/3	backend/Actions/WordPress/Hooks.php	all	yes	3	exact	ok
bit_integrations_wordpress_deletePostTag	filter	10	3	BitApps\IntegrationsPro\Actions\WordPress\WordPressProHelper::deletePostTag	3/3	backend/Actions/WordPress/Hooks.php	all	yes	3	exact	ok
bit_integrations_wordpress_deleteProductCategory	filter	10	3	BitApps\IntegrationsPro\Actions\WordPress\WordPressProHelper::deleteProductCategory	3/3	backend/Actions/WordPress/Hooks.php	all	yes	3	exact	ok
bit_integrations_wordpress_deleteProductTag	filter	10	3	BitApps\IntegrationsPro\Actions\WordPress\WordPressProHelper::deleteProductTag	3/3	backend/Actions/WordPress/Hooks.php	all	yes	3	exact	ok
bit_integrations_wordpress_deleteProductType	filter	10	3	BitApps\IntegrationsPro\Actions\WordPress\WordPressProHelper::deleteProductType	3/3	backend/Actions/WordPress/Hooks.php	all	yes	3	exact	ok
bit_integrations_wordpress_registerPostType	filter	10	3	BitApps\IntegrationsPro\Actions\WordPress\WordPressProHelper::registerPostType	3/3	backend/Actions/WordPress/Hooks.php	all	yes	3	exact	ok
bit_integrations_wordpress_registerTaxonomy	filter	10	3	BitApps\IntegrationsPro\Actions\WordPress\WordPressProHelper::registerTaxonomy	3/3	backend/Actions/WordPress/Hooks.php	all	yes	3	exact	ok
bit_integrations_wordpress_removeTagsFromPost	filter	10	3	BitApps\IntegrationsPro\Actions\WordPress\WordPressProHelper::removeTagsFromPost	3/3	backend/Actions/WordPress/Hooks.php	all	yes	3	exact	ok
bit_integrations_wordpress_removeTaxonomyFromPost	filter	10	3	BitApps\IntegrationsPro\Actions\WordPress\WordPressProHelper::removeTaxonomyFromPost	3/3	backend/Actions/WordPress/Hooks.php	all	yes	3	exact	ok
bit_integrations_wordpress_renameMedia	filter	10	3	BitApps\IntegrationsPro\Actions\WordPress\WordPressProHelper::renameMedia	3/3	backend/Actions/WordPress/Hooks.php	all	yes	3	exact	ok
bit_integrations_wordpress_termDelete	filter	10	3	BitApps\IntegrationsPro\Actions\WordPress\WordPressProHelper::termDelete	3/3	backend/Actions/WordPress/Hooks.php	all	yes	3	exact	ok
bit_integrations_wordpress_unregisterPostType	filter	10	3	BitApps\IntegrationsPro\Actions\WordPress\WordPressProHelper::unregisterPostType	3/3	backend/Actions/WordPress/Hooks.php	all	yes	3	exact	ok
bit_integrations_wordpress_unregisterTaxonomy	filter	10	3	BitApps\IntegrationsPro\Actions\WordPress\WordPressProHelper::unregisterTaxonomy	3/3	backend/Actions/WordPress/Hooks.php	all	yes	3	exact	ok
bit_integrations_wordpress_updateCategory	filter	10	3	BitApps\IntegrationsPro\Actions\WordPress\WordPressProHelper::updateCategory	3/3	backend/Actions/WordPress/Hooks.php	all	yes	3	exact	ok
bit_integrations_wordpress_updatePostTag	filter	10	3	BitApps\IntegrationsPro\Actions\WordPress\WordPressProHelper::updatePostTag	3/3	backend/Actions/WordPress/Hooks.php	all	yes	3	exact	ok
bit_integrations_wordpress_updateProductCategory	filter	10	3	BitApps\IntegrationsPro\Actions\WordPress\WordPressProHelper::updateProductCategory	3/3	backend/Actions/WordPress/Hooks.php	all	yes	3	exact	ok
bit_integrations_wordpress_updateProductTag	filter	10	3	BitApps\IntegrationsPro\Actions\WordPress\WordPressProHelper::updateProductTag	3/3	backend/Actions/WordPress/Hooks.php	all	yes	3	exact	ok
bit_integrations_wordpress_updateProductType	filter	10	3	BitApps\IntegrationsPro\Actions\WordPress\WordPressProHelper::updateProductType	3/3	backend/Actions/WordPress/Hooks.php	all	yes	3	exact	ok
bit_integrations_wordpress_updateTerm	filter	10	3	BitApps\IntegrationsPro\Actions\WordPress\WordPressProHelper::updateTerm	3/3	backend/Actions/WordPress/Hooks.php	all	yes	3	exact	ok
bit_integrations_wp_data_tables_add_row	filter	10	3	BitApps\IntegrationsPro\Actions\WpDataTables\WpDataTablesRecordHelper::addRow	2/3	backend/Actions/WpDataTables/Hooks.php	all	yes	3	exact	ok
bit_integrations_wpcafe_create_reservation	filter	10	2	BitApps\IntegrationsPro\Actions\WPCafe\WPCafeProHelper::createReservation	2/2	backend/Actions/WPCafe/Hooks.php	all	yes	2	exact	ok
bit_integrations_wpcafe_delete_reservation	filter	10	2	BitApps\IntegrationsPro\Actions\WPCafe\WPCafeProHelper::deleteReservation	2/2	backend/Actions/WPCafe/Hooks.php	all	yes	2	exact	ok
bit_integrations_wpcafe_update_reservation	filter	10	2	BitApps\IntegrationsPro\Actions\WPCafe\WPCafeProHelper::updateReservation	2/2	backend/Actions/WPCafe/Hooks.php	all	yes	2	exact	ok
bit_integrations_wperp_add_contact_to_group	filter	10	3	BitApps\IntegrationsPro\Actions\WpErp\WpErpProHelper::addContactToGroup	2/3	backend/Actions/WpErp/Hooks.php	all	yes	3	inferred	ok
bit_integrations_wperp_add_note	filter	10	2	BitApps\IntegrationsPro\Actions\WpErp\WpErpProHelper::addNote	2/2	backend/Actions/WpErp/Hooks.php	all	yes	3	inferred	ok
bit_integrations_wperp_create_company	filter	10	2	BitApps\IntegrationsPro\Actions\WpErp\WpErpProHelper::createCompany	2/2	backend/Actions/WpErp/Hooks.php	all	yes	3	inferred	ok
bit_integrations_wperp_create_contact	filter	10	3	BitApps\IntegrationsPro\Actions\WpErp\WpErpProHelper::createContact	2/3	backend/Actions/WpErp/Hooks.php	all	yes	3	inferred	ok
bit_integrations_wperp_create_contact_group	filter	10	2	BitApps\IntegrationsPro\Actions\WpErp\WpErpProHelper::createContactGroup	2/2	backend/Actions/WpErp/Hooks.php	all	yes	3	inferred	ok
bit_integrations_wperp_create_department	filter	10	2	BitApps\IntegrationsPro\Actions\WpErp\WpErpProHelper::createDepartment	2/2	backend/Actions/WpErp/Hooks.php	all	yes	3	inferred	ok
bit_integrations_wperp_create_designation	filter	10	2	BitApps\IntegrationsPro\Actions\WpErp\WpErpProHelper::createDesignation	2/2	backend/Actions/WpErp/Hooks.php	all	yes	3	inferred	ok
bit_integrations_wperp_create_expense	filter	10	3	BitApps\IntegrationsPro\Actions\WpErp\WpErpProHelper::createExpense	2/2	backend/Actions/WpErp/Hooks.php	all	yes	3	inferred	ok
bit_integrations_wperp_create_holiday	filter	10	3	BitApps\IntegrationsPro\Actions\WpErp\WpErpProHelper::createHoliday	2/2	backend/Actions/WpErp/Hooks.php	all	yes	3	inferred	ok
bit_integrations_wperp_create_payment	filter	10	2	BitApps\IntegrationsPro\Actions\WpErp\WpErpProHelper::createPayment	2/2	backend/Actions/WpErp/Hooks.php	all	yes	3	inferred	ok
bit_integrations_wperp_create_task	filter	10	3	BitApps\IntegrationsPro\Actions\WpErp\WpErpProHelper::createTask	2/3	backend/Actions/WpErp/Hooks.php	all	yes	3	inferred	ok
bit_integrations_wperp_remove_contact_from_group	filter	10	3	BitApps\IntegrationsPro\Actions\WpErp\WpErpProHelper::removeContactFromGroup	2/3	backend/Actions/WpErp/Hooks.php	all	yes	3	inferred	ok
bit_integrations_wperp_update_company	filter	10	3	BitApps\IntegrationsPro\Actions\WpErp\WpErpProHelper::updateCompany	2/3	backend/Actions/WpErp/Hooks.php	all	yes	3	inferred	ok
bit_integrations_wperp_update_contact	filter	10	3	BitApps\IntegrationsPro\Actions\WpErp\WpErpProHelper::updateContact	2/3	backend/Actions/WpErp/Hooks.php	all	yes	3	inferred	ok
bit_integrations_wptablebuilder_add_row	filter	10	3	BitApps\IntegrationsPro\Actions\WpTableBuilder\WpTableBuilderProHelper::addRow	2/3	backend/Actions/WpTableBuilder/Hooks.php	all	yes	3	exact	ok
bit_integrations_wptablebuilder_create_table	filter	10	2	BitApps\IntegrationsPro\Actions\WpTableBuilder\WpTableBuilderProHelper::createTable	2/2	backend/Actions/WpTableBuilder/Hooks.php	all	yes	2	exact	ok
bit_integrations_wptablebuilder_delete_table	filter	10	3	BitApps\IntegrationsPro\Actions\WpTableBuilder\WpTableBuilderProHelper::deleteTable	2/3	backend/Actions/WpTableBuilder/Hooks.php	all	yes	3	exact	ok
bit_integrations_wptablebuilder_update_table	filter	10	2	BitApps\IntegrationsPro\Actions\WpTableBuilder\WpTableBuilderProHelper::updateTable	2/2	backend/Actions/WpTableBuilder/Hooks.php	all	yes	2	exact	ok
bit_integrations_wsms_add_group	filter	10	2	BitApps\IntegrationsPro\Actions\Wsms\WsmsProHelper::addGroup	2/2	backend/Actions/Wsms/Hooks.php	all	yes	2	exact	ok
bit_integrations_wsms_add_subscriber	filter	10	3	BitApps\IntegrationsPro\Actions\Wsms\WsmsProHelper::addSubscriber	2/3	backend/Actions/Wsms/Hooks.php	all	yes	3	exact	ok
bit_integrations_wsms_delete_group	filter	10	2	BitApps\IntegrationsPro\Actions\Wsms\WsmsProHelper::deleteGroup	2/2	backend/Actions/Wsms/Hooks.php	all	yes	2	exact	ok
bit_integrations_wsms_delete_subscriber	filter	10	3	BitApps\IntegrationsPro\Actions\Wsms\WsmsProHelper::deleteSubscriber	2/3	backend/Actions/Wsms/Hooks.php	all	yes	3	exact	ok
bit_integrations_wsms_send_sms	filter	10	2	BitApps\IntegrationsPro\Actions\Wsms\WsmsProHelper::sendSms	2/2	backend/Actions/Wsms/Hooks.php	all	yes	2	exact	ok
bit_integrations_wsms_update_group	filter	10	2	BitApps\IntegrationsPro\Actions\Wsms\WsmsProHelper::updateGroup	2/2	backend/Actions/Wsms/Hooks.php	all	yes	2	exact	ok
bit_integrations_wsms_update_subscriber	filter	10	3	BitApps\IntegrationsPro\Actions\Wsms\WsmsProHelper::updateSubscriber	2/3	backend/Actions/Wsms/Hooks.php	all	yes	3	exact	ok
bit_integrations_zbigin_add_tags_to_records	filter	10	5	BitApps\IntegrationsPro\Actions\ZohoBigin\ZohoBiginHelperPro::addTagsToRecords	5/5	backend/Actions/ZohoBigin/Hooks.php	all	yes	5	exact	ok
bit_integrations_zbigin_get_tags	filter	10	5	BitApps\IntegrationsPro\Actions\ZohoBigin\ZohoBiginHelperPro::getTagList	4/4	backend/Actions/ZohoBigin/Hooks.php	all	yes	4	exact	ok
bit_integrations_zendesk_support_add_tags_to_ticket	filter	10	4	BitApps\IntegrationsPro\Actions\ZendeskSupport\ZendeskSupportRecordHelper::addTagsToTicket	4/4	backend/Actions/ZendeskSupport/Hooks.php	all	yes	4	inferred	ok
bit_integrations_zendesk_support_add_ticket_comment	filter	10	4	BitApps\IntegrationsPro\Actions\ZendeskSupport\ZendeskSupportRecordHelper::addTicketComment	4/4	backend/Actions/ZendeskSupport/Hooks.php	all	yes	4	inferred	ok
bit_integrations_zendesk_support_create_group	filter	10	4	BitApps\IntegrationsPro\Actions\ZendeskSupport\ZendeskSupportRecordHelper::createGroup	4/4	backend/Actions/ZendeskSupport/Hooks.php	all	yes	4	inferred	ok
bit_integrations_zendesk_support_create_or_update_user	filter	10	4	BitApps\IntegrationsPro\Actions\ZendeskSupport\ZendeskSupportRecordHelper::createOrUpdateUser	4/4	backend/Actions/ZendeskSupport/Hooks.php	all	yes	4	inferred	ok
bit_integrations_zendesk_support_create_organization	filter	10	4	BitApps\IntegrationsPro\Actions\ZendeskSupport\ZendeskSupportRecordHelper::createOrganization	4/4	backend/Actions/ZendeskSupport/Hooks.php	all	yes	4	inferred	ok
bit_integrations_zendesk_support_create_ticket	filter	10	4	BitApps\IntegrationsPro\Actions\ZendeskSupport\ZendeskSupportRecordHelper::createTicket	4/4	backend/Actions/ZendeskSupport/Hooks.php	all	yes	4	inferred	ok
bit_integrations_zendesk_support_create_user	filter	10	4	BitApps\IntegrationsPro\Actions\ZendeskSupport\ZendeskSupportRecordHelper::createUser	4/4	backend/Actions/ZendeskSupport/Hooks.php	all	yes	4	inferred	ok
bit_integrations_zendesk_support_delete_group	filter	10	4	BitApps\IntegrationsPro\Actions\ZendeskSupport\ZendeskSupportRecordHelper::deleteGroup	4/4	backend/Actions/ZendeskSupport/Hooks.php	all	yes	4	inferred	ok
bit_integrations_zendesk_support_delete_organization	filter	10	4	BitApps\IntegrationsPro\Actions\ZendeskSupport\ZendeskSupportRecordHelper::deleteOrganization	4/4	backend/Actions/ZendeskSupport/Hooks.php	all	yes	4	inferred	ok
bit_integrations_zendesk_support_delete_ticket	filter	10	4	BitApps\IntegrationsPro\Actions\ZendeskSupport\ZendeskSupportRecordHelper::deleteTicket	4/4	backend/Actions/ZendeskSupport/Hooks.php	all	yes	4	inferred	ok
bit_integrations_zendesk_support_delete_user	filter	10	4	BitApps\IntegrationsPro\Actions\ZendeskSupport\ZendeskSupportRecordHelper::deleteUser	4/4	backend/Actions/ZendeskSupport/Hooks.php	all	yes	4	inferred	ok
bit_integrations_zendesk_support_remove_tags_from_ticket	filter	10	4	BitApps\IntegrationsPro\Actions\ZendeskSupport\ZendeskSupportRecordHelper::removeTagsFromTicket	4/4	backend/Actions/ZendeskSupport/Hooks.php	all	yes	4	inferred	ok
bit_integrations_zendesk_support_suspend_user	filter	10	4	BitApps\IntegrationsPro\Actions\ZendeskSupport\ZendeskSupportRecordHelper::suspendUser	4/4	backend/Actions/ZendeskSupport/Hooks.php	all	yes	4	inferred	ok
bit_integrations_zendesk_support_update_group	filter	10	4	BitApps\IntegrationsPro\Actions\ZendeskSupport\ZendeskSupportRecordHelper::updateGroup	4/4	backend/Actions/ZendeskSupport/Hooks.php	all	yes	4	inferred	ok
bit_integrations_zendesk_support_update_organization	filter	10	4	BitApps\IntegrationsPro\Actions\ZendeskSupport\ZendeskSupportRecordHelper::updateOrganization	4/4	backend/Actions/ZendeskSupport/Hooks.php	all	yes	4	inferred	ok
bit_integrations_zendesk_support_update_ticket	filter	10	4	BitApps\IntegrationsPro\Actions\ZendeskSupport\ZendeskSupportRecordHelper::updateTicket	4/4	backend/Actions/ZendeskSupport/Hooks.php	all	yes	4	inferred	ok
bit_integrations_zendesk_support_update_user	filter	10	4	BitApps\IntegrationsPro\Actions\ZendeskSupport\ZendeskSupportRecordHelper::updateUser	4/4	backend/Actions/ZendeskSupport/Hooks.php	all	yes	4	inferred	ok
btcbi_acpt_associate_taxonomy_to_cpt	filter	10	3	BitApps\IntegrationsPro\Actions\ACPT\ACPTProHelper::associateTaxonomyToCPT	3/3	backend/Actions/ACPT/Hooks.php	free<2.7.8	no	3	exact	ok
btcbi_acpt_create_option_page	filter	10	4	BitApps\IntegrationsPro\Actions\ACPT\ACPTProHelper::createTaxonomyOrOptionPage	4/4	backend/Actions/ACPT/Hooks.php	free<2.7.8	no	4	exact	ok
btcbi_acpt_create_taxonomy	filter	10	4	BitApps\IntegrationsPro\Actions\ACPT\ACPTProHelper::createTaxonomyOrOptionPage	4/4	backend/Actions/ACPT/Hooks.php	free<2.7.8	no	4	exact	ok
btcbi_acpt_delete_cpt	filter	10	3	BitApps\IntegrationsPro\Actions\ACPT\ACPTProHelper::delete	3/3	backend/Actions/ACPT/Hooks.php	free<2.7.8	no	3	exact	ok
btcbi_acpt_delete_dynamic_block	filter	10	3	BitApps\IntegrationsPro\Actions\ACPT\ACPTProHelper::delete	3/3	backend/Actions/ACPT/Hooks.php	free<2.7.8	no	3	exact	ok
btcbi_acpt_delete_meta_group	filter	10	3	BitApps\IntegrationsPro\Actions\ACPT\ACPTProHelper::delete	3/3	backend/Actions/ACPT/Hooks.php	free<2.7.8	no	3	exact	ok
btcbi_acpt_delete_option_page	filter	10	3	BitApps\IntegrationsPro\Actions\ACPT\ACPTProHelper::delete	3/3	backend/Actions/ACPT/Hooks.php	free<2.7.8	no	3	exact	ok
btcbi_acpt_delete_taxonomy	filter	10	3	BitApps\IntegrationsPro\Actions\ACPT\ACPTProHelper::delete	3/3	backend/Actions/ACPT/Hooks.php	free<2.7.8	no	3	exact	ok
btcbi_acpt_update_cpt	filter	10	4	BitApps\IntegrationsPro\Actions\ACPT\ACPTProHelper::update	4/4	backend/Actions/ACPT/Hooks.php	free<2.7.8	no	4	exact	ok
btcbi_acpt_update_option_page	filter	10	4	BitApps\IntegrationsPro\Actions\ACPT\ACPTProHelper::update	4/4	backend/Actions/ACPT/Hooks.php	free<2.7.8	no	4	exact	ok
btcbi_acpt_update_taxonomy	filter	10	4	BitApps\IntegrationsPro\Actions\ACPT\ACPTProHelper::update	4/4	backend/Actions/ACPT/Hooks.php	free<2.7.8	no	4	exact	ok
btcbi_add_post_tag	action	10	2	BitApps\IntegrationsPro\Actions\PostCreation\PostCreationHelperPro::addPostTags	1/2	backend/Actions/PostCreation/Hooks.php	free<2.7.8	no	2	exact	ok
btcbi_bento_get_all_tags	filter	10	2	BitApps\IntegrationsPro\Actions\Bento\BentoProHelper::getAllTags	2/2	backend/Actions/Bento/Hooks.php	free<2.7.8	no	2	exact	ok
btcbi_bento_get_event_fields	filter	10	1	BitApps\IntegrationsPro\Actions\Bento\BentoProHelper::getEventFields	1/1	backend/Actions/Bento/Hooks.php	free<2.7.8	no	1	exact	ok
btcbi_bento_get_user_fields	filter	10	2	BitApps\IntegrationsPro\Actions\Bento\BentoProHelper::getUserFields	2/2	backend/Actions/Bento/Hooks.php	free<2.7.8	no	2	exact	ok
btcbi_bento_store_event	filter	10	3	BitApps\IntegrationsPro\Actions\Bento\BentoProHelper::storeEvent	3/3	backend/Actions/Bento/Hooks.php	free<2.7.8	no	3	exact	ok
btcbi_bento_update_user_data	action	10	5	BitApps\IntegrationsPro\Actions\Bento\BentoProHelper::updateUserData	5/5	backend/Actions/Bento/Hooks.php	free<2.7.8	no	5	exact	ok
btcbi_dokan_vendor_crud_actions	filter	10	2	BitApps\IntegrationsPro\Actions\Dokan\DokanRecordHelper::vendorCreateActions	2/2	backend/Actions/Dokan/Hooks.php	free<2.7.8	no	2	exact	ok
btcbi_fabman_create_space	filter	10	4	BitApps\IntegrationsPro\Actions\Fabman\FabmanHelperPro::createSpace	4/4	backend/Actions/Fabman/Hooks.php	free<2.7.8	no	4	exact	ok
btcbi_fabman_delete_member	filter	10	4	BitApps\IntegrationsPro\Actions\Fabman\FabmanHelperPro::deleteMember	4/4	backend/Actions/Fabman/Hooks.php	free<2.7.8	no	4	exact	ok
btcbi_fabman_update_member	filter	10	5	BitApps\IntegrationsPro\Actions\Fabman\FabmanHelperPro::updateMember	5/5	backend/Actions/Fabman/Hooks.php	free<2.7.8	no	5	exact	ok
btcbi_fabman_update_space	filter	10	5	BitApps\IntegrationsPro\Actions\Fabman\FabmanHelperPro::updateSpace	5/5	backend/Actions/Fabman/Hooks.php	free<2.7.8	no	5	exact	ok
btcbi_fluent_crm_assign_company	filter	10	2	BitApps\IntegrationsPro\Actions\FluentCRM\FluentCRMProHelper::assignCompany	2/2	backend/Actions/FluentCRM/Hooks.php	free<2.7.8	no	2	exact	ok
btcbi_fluent_support_upload_ticket_attachments	action	10	5	BitApps\IntegrationsPro\Actions\FluentSupport\FluentSupportHelperPro::uploadTicketAttachments	5/5	backend/Actions/FluentSupport/Hooks.php	free<2.7.8	no	5	exact	ok
btcbi_fluentcart_create_coupon	filter	10	3	BitApps\IntegrationsPro\Actions\FluentCart\FluentCartProHelper::createCoupon	3/3	backend/Actions/FluentCart/Hooks.php	free<2.7.8	no	3	exact	ok
btcbi_fluentcart_create_customer	filter	10	2	BitApps\IntegrationsPro\Actions\FluentCart\FluentCartProHelper::createCustomer	2/2	backend/Actions/FluentCart/Hooks.php	free<2.7.8	no	2	exact	ok
btcbi_fluentcart_create_order	filter	10	4	BitApps\IntegrationsPro\Actions\FluentCart\FluentCartProHelper::createOrder	4/4	backend/Actions/FluentCart/Hooks.php	free<2.7.8	no	4	exact	ok
btcbi_fluentcart_create_product	filter	10	4	BitApps\IntegrationsPro\Actions\FluentCart\FluentCartProHelper::createProduct	4/4	backend/Actions/FluentCart/Hooks.php	free<2.7.8	no	4	exact	ok
btcbi_fluentcart_delete_coupon	filter	10	2	BitApps\IntegrationsPro\Actions\FluentCart\FluentCartProHelper::deleteCoupon	2/2	backend/Actions/FluentCart/Hooks.php	free<2.7.8	no	2	exact	ok
btcbi_fluentcart_delete_customer	filter	10	2	BitApps\IntegrationsPro\Actions\FluentCart\FluentCartProHelper::deleteCustomer	2/2	backend/Actions/FluentCart/Hooks.php	free<2.7.8	no	2	exact	ok
btcbi_fluentcart_delete_order	filter	10	2	BitApps\IntegrationsPro\Actions\FluentCart\FluentCartProHelper::deleteOrder	2/2	backend/Actions/FluentCart/Hooks.php	free<2.7.8	no	2	exact	ok
btcbi_fluentcart_delete_product	filter	10	2	BitApps\IntegrationsPro\Actions\FluentCart\FluentCartProHelper::deleteProduct	2/2	backend/Actions/FluentCart/Hooks.php	free<2.7.8	no	2	exact	ok
btcbi_fluentcart_update_customer	filter	10	2	BitApps\IntegrationsPro\Actions\FluentCart\FluentCartProHelper::updateCustomer	2/2	backend/Actions/FluentCart/Hooks.php	free<2.7.8	no	2	exact	ok
btcbi_fluentcart_update_order_status	filter	10	2	BitApps\IntegrationsPro\Actions\FluentCart\FluentCartProHelper::updateOrderStatus	2/2	backend/Actions/FluentCart/Hooks.php	free<2.7.8	no	2	exact	ok
btcbi_fluentcart_update_payment_status	filter	10	2	BitApps\IntegrationsPro\Actions\FluentCart\FluentCartProHelper::updatePaymentStatus	2/2	backend/Actions/FluentCart/Hooks.php	free<2.7.8	no	2	exact	ok
btcbi_fluentcart_update_shipping_status	filter	10	2	BitApps\IntegrationsPro\Actions\FluentCart\FluentCartProHelper::updateShippingStatus	2/2	backend/Actions/FluentCart/Hooks.php	free<2.7.8	no	2	exact	ok
btcbi_freshsales_upsert_record	filter	10	5	BitApps\IntegrationsPro\Actions\FreshSales\FreshSalesRecordApiHelper::upsertRecord	5/5	backend/Actions/FreshSales/Hooks.php	free<2.7.8	no	5	exact	ok
btcbi_getresponse_autoresponder_day	filter	10	2	BitApps\IntegrationsPro\Actions\GetResponse\GetResponseHelperPro::autoResponderDay	2/2	backend/Actions/GetResponse/Hooks.php	free<2.7.8	no	2	exact	ok
btcbi_high_level_contact_utilities	filter	10	3	BitApps\IntegrationsPro\Actions\HighLevel\HighLevelUtilitiesPro::contactUtilities	3/3	backend/Actions/HighLevel/Hooks.php	free<2.7.8	no	3	exact	ok
btcbi_high_level_opportunity_utilities	filter	10	3	BitApps\IntegrationsPro\Actions\HighLevel\HighLevelUtilitiesPro::opportunityUtilities	3/3	backend/Actions/HighLevel/Hooks.php	free<2.7.8	no	3	exact	ok
btcbi_high_level_v2_create_contact	filter	10	4	BitApps\IntegrationsPro\Actions\HighLevel\HighLevelUtilitiesPro::createContact	4/4	backend/Actions/HighLevel/Hooks.php	free<2.7.8	no	4	exact	ok
btcbi_high_level_v2_create_opportunity	filter	10	5	BitApps\IntegrationsPro\Actions\HighLevel\HighLevelUtilitiesPro::createOpportunity	5/5	backend/Actions/HighLevel/Hooks.php	free<2.7.8	no	5	exact	ok
btcbi_high_level_v2_create_task	filter	10	4	BitApps\IntegrationsPro\Actions\HighLevel\HighLevelUtilitiesPro::createTask	4/4	backend/Actions/HighLevel/Hooks.php	free<2.7.8	no	4	exact	ok
btcbi_high_level_v2_update_contact	filter	10	4	BitApps\IntegrationsPro\Actions\HighLevel\HighLevelUtilitiesPro::updateContact	4/4	backend/Actions/HighLevel/Hooks.php	free<2.7.8	no	4	exact	ok
btcbi_high_level_v2_update_opportunity	filter	10	5	BitApps\IntegrationsPro\Actions\HighLevel\HighLevelUtilitiesPro::updateOpportunity	5/5	backend/Actions/HighLevel/Hooks.php	free<2.7.8	no	5	exact	ok
btcbi_high_level_v2_update_task	filter	10	5	BitApps\IntegrationsPro\Actions\HighLevel\HighLevelUtilitiesPro::updateTask	5/5	backend/Actions/HighLevel/Hooks.php	free<2.7.8	no	5	exact	ok
btcbi_hubspot_update_entity	filter	10	4	BitApps\IntegrationsPro\Actions\Hubspot\HubspotHelperPro::updateEntity	4/4	backend/Actions/Hubspot/Hooks.php	free<2.7.8	no	5	exact	ok
btcbi_jet_engine_create_content_type_actions	filter	10	3	BitApps\IntegrationsPro\Actions\JetEngine\JetEngineRecordHelper::createContentTypeActions	3/3	backend/Actions/JetEngine/Hooks.php	free<2.7.8	no	3	exact	ok
btcbi_jet_engine_create_post_type_actions	filter	10	3	BitApps\IntegrationsPro\Actions\JetEngine\JetEngineRecordHelper::createPostTypeActions	3/3	backend/Actions/JetEngine/Hooks.php	free<2.7.8	no	3	exact	ok
btcbi_jet_engine_create_relation_actions	filter	10	3	BitApps\IntegrationsPro\Actions\JetEngine\JetEngineRecordHelper::createRelationActions	3/3	backend/Actions/JetEngine/Hooks.php	free<2.7.8	no	3	exact	ok
btcbi_jet_engine_create_taxonomy_actions	filter	10	3	BitApps\IntegrationsPro\Actions\JetEngine\JetEngineRecordHelper::createTaxonomyActions	3/3	backend/Actions/JetEngine/Hooks.php	free<2.7.8	no	3	exact	ok
btcbi_klaviyo_custom_properties	filter	10	3	BitApps\IntegrationsPro\Actions\Klaviyo\KlaviyoHelperPro::setCustomProperties	3/3	backend/Actions/Klaviyo/Hooks.php	free<2.7.8	no	3	exact	ok
btcbi_klaviyo_update_profile	filter	10	4	BitApps\IntegrationsPro\Actions\Klaviyo\KlaviyoHelperPro::updateProfile	4/4	backend/Actions/Klaviyo/Hooks.php	free<2.7.8	no	4	exact	ok
btcbi_line_broadcast_message	filter	10	4	BitApps\IntegrationsPro\Actions\Line\LineHelperPro::sendBroadcastMessage	4/4	backend/Actions/Line/Hooks.php	free<2.7.8	no	4	exact	ok
btcbi_line_reply_message	filter	10	4	BitApps\IntegrationsPro\Actions\Line\LineHelperPro::sendReplyMessage	4/4	backend/Actions/Line/Hooks.php	free<2.7.8	no	4	exact	ok
btcbi_lmfwc_activate_licence	action	10	4	BitApps\IntegrationsPro\Actions\LMFWC\LMFWCProHelper::activateLicense	4/4	backend/Actions/LMFWC/Hooks.php	free<2.7.8	no	4	exact	ok
btcbi_lmfwc_create_generator	action	10	4	BitApps\IntegrationsPro\Actions\LMFWC\LMFWCProHelper::createGenerator	4/4	backend/Actions/LMFWC/Hooks.php	free<2.7.8	no	4	exact	ok
btcbi_lmfwc_deactivate_licence	action	10	5	BitApps\IntegrationsPro\Actions\LMFWC\LMFWCProHelper::deactivateLicense	4/5	backend/Actions/LMFWC/Hooks.php	free<2.7.8	no	5	exact	ok
btcbi_lmfwc_delete_licence	action	10	4	BitApps\IntegrationsPro\Actions\LMFWC\LMFWCProHelper::deleteLicense	4/4	backend/Actions/LMFWC/Hooks.php	free<2.7.8	no	4	exact	ok
btcbi_lmfwc_reactivate_licence	action	10	5	BitApps\IntegrationsPro\Actions\LMFWC\LMFWCProHelper::reactivateLicense	4/5	backend/Actions/LMFWC/Hooks.php	free<2.7.8	no	5	exact	ok
btcbi_lmfwc_update_generator	action	10	5	BitApps\IntegrationsPro\Actions\LMFWC\LMFWCProHelper::UpdateGenerator	5/5	backend/Actions/LMFWC/Hooks.php	free<2.7.8	no	5	exact	ok
btcbi_lmfwc_update_licence	action	10	5	BitApps\IntegrationsPro\Actions\LMFWC\LMFWCProHelper::updateLicense	5/5	backend/Actions/LMFWC/Hooks.php	free<2.7.8	no	5	exact	ok
btcbi_mailchimp_add_remove_tag	filter	10	4	BitApps\IntegrationsPro\Actions\MailChimp\MailChimpRecordHelper::addRemoveTag	4/4	backend/Actions/MailChimp/Hooks.php	free<2.7.8	no	4	exact	ok
btcbi_mailchimp_map_language	filter	10	2	BitApps\IntegrationsPro\Actions\MailChimp\MailChimpRecordHelper::mapLanguageField	2/2	backend/Actions/MailChimp/Hooks.php	free<2.7.8	no	2	exact	ok
btcbi_mailchimp_store_gdpr_permission	action	10	6	BitApps\IntegrationsPro\Actions\MailChimp\MailChimpRecordHelper::updateGDPRPermissions	6/6	backend/Actions/MailChimp/Hooks.php	free<2.7.8	no	6	exact	ok
btcbi_mailerlite_delete_subscriber	filter	10	6	BitApps\IntegrationsPro\Actions\MailerLite\MailerLiteHelperPro::deleteSubscriber	5/6	backend/Actions/MailerLite/Hooks.php	free<2.7.8	no	6	exact	ok
btcbi_mailerpress_add_tags	filter	10	3	BitApps\IntegrationsPro\Actions\MailerPress\MailerPressProHelper::addTagsToContact	3/3	backend/Actions/MailerPress/Hooks.php	free<2.7.8	no	3	exact	ok
btcbi_mailerpress_add_to_lists	filter	10	3	BitApps\IntegrationsPro\Actions\MailerPress\MailerPressProHelper::addContactToLists	3/3	backend/Actions/MailerPress/Hooks.php	free<2.7.8	no	3	exact	ok
btcbi_mailerpress_delete_contact	filter	10	2	BitApps\IntegrationsPro\Actions\MailerPress\MailerPressProHelper::deleteContact	2/2	backend/Actions/MailerPress/Hooks.php	free<2.7.8	no	2	exact	ok
btcbi_mailerpress_remove_from_lists	filter	10	3	BitApps\IntegrationsPro\Actions\MailerPress\MailerPressProHelper::removeContactFromLists	3/3	backend/Actions/MailerPress/Hooks.php	free<2.7.8	no	3	exact	ok
btcbi_mailerpress_remove_tags	filter	10	3	BitApps\IntegrationsPro\Actions\MailerPress\MailerPressProHelper::removeTagsFromContact	3/3	backend/Actions/MailerPress/Hooks.php	free<2.7.8	no	3	exact	ok
btcbi_mailpoet_update_subscriber	filter	10	2	BitApps\IntegrationsPro\Actions\MailPoet\MailPoetProHelper::updateRecord	2/2	backend/Actions/MailPoet/Hooks.php	free<2.7.8	no	2	exact	ok
btcbi_moosend_map_custom_fields	filter	10	3	BitApps\IntegrationsPro\Actions\Moosend\MoosendProHelper::mapCustomFields	3/3	backend/Actions/Moosend/Hooks.php	free<2.7.8	no	3	exact	ok
btcbi_omnisend_custom_properties	filter	10	3	BitApps\IntegrationsPro\Actions\OmniSend\OmniSendHelperPro::setCustomProperties	3/3	backend/Actions/OmniSend/Hooks.php	free<2.7.8	no	3	exact	ok
btcbi_pipedrive_store_related_list	action	10	6	BitApps\IntegrationsPro\Actions\PipeDrive\PipeDriveHelperPro::addRelatedList	6/6	backend/Actions/PipeDrive/Hooks.php	free<2.7.8	no	6	exact	ok
btcbi_salesforce_add_lead_utilities	filter	10	2	BitApps\IntegrationsPro\Actions\Salesforce\SalesforceProHelper::addLeadUtilities	2/2	backend/Actions/Salesforce/Hooks.php	free<2.7.8	no	2	exact	ok
btcbi_salesforce_get_lead_utilities	filter	10	3	BitApps\IntegrationsPro\Actions\Salesforce\SalesforceProHelper::getLeadUtilities	3/3	backend/Actions/Salesforce/Hooks.php	free<2.7.8	no	3	exact	ok
btcbi_salesforce_update_record	filter	10	4	BitApps\IntegrationsPro\Actions\Salesforce\SalesforceProHelper::updateRecord	4/4	backend/Actions/Salesforce/Hooks.php	free<2.7.8	no	4	exact	ok
btcbi_sendPulse_refresh_fields	action	10	3	BitApps\IntegrationsPro\Actions\SendPulse\SendPulseHelperPro::refreshFields	3/3	backend/Actions/SendPulse/Hooks.php	free<2.7.8	no	3	exact	ok
btcbi_seopress_update_post_meta	filter	10	3	BitApps\IntegrationsPro\Actions\SeoPress\SeoPressProHelper::updatePostMeta	2/2	backend/Actions/SeoPress/Hooks.php	free<2.7.8	no	2	exact	ok
btcbi_smartSuite_create_record	filter	10	5	BitApps\IntegrationsPro\Actions\SmartSuite\SmartSuiteProHelper::createRecord	5/5	backend/Actions/SmartSuite/Hooks.php	free<2.7.8	no	5	exact	ok
btcbi_smartSuite_create_table	filter	10	5	BitApps\IntegrationsPro\Actions\SmartSuite\SmartSuiteProHelper::createTable	5/5	backend/Actions/SmartSuite/Hooks.php	free<2.7.8	no	5	exact	ok
btcbi_teams_for_wc_memberships_add_member	filter	10	3	BitApps\IntegrationsPro\Actions\TeamsForWooCommerceMemberships\TeamsForWooCommerceMembershipsProHelper::addMemberToTeam	3/3	backend/Actions/TeamsForWooCommerceMemberships/Hooks.php	free<2.7.8	no	3	exact	ok
btcbi_teams_for_wc_memberships_invite_user	filter	10	3	BitApps\IntegrationsPro\Actions\TeamsForWooCommerceMemberships\TeamsForWooCommerceMembershipsProHelper::inviteUserToTeam	3/3	backend/Actions/TeamsForWooCommerceMemberships/Hooks.php	free<2.7.8	no	3	exact	ok
btcbi_teams_for_wc_memberships_remove_member	filter	10	3	BitApps\IntegrationsPro\Actions\TeamsForWooCommerceMemberships\TeamsForWooCommerceMembershipsProHelper::removeMemberFromTeam	3/3	backend/Actions/TeamsForWooCommerceMemberships/Hooks.php	free<2.7.8	no	3	exact	ok
btcbi_teams_for_wc_memberships_update_role	filter	10	3	BitApps\IntegrationsPro\Actions\TeamsForWooCommerceMemberships\TeamsForWooCommerceMembershipsProHelper::updateMemberRole	3/3	backend/Actions/TeamsForWooCommerceMemberships/Hooks.php	free<2.7.8	no	3	exact	ok
btcbi_trello_get_all_custom_fields	filter	10	4	BitApps\IntegrationsPro\Actions\Trello\TrelloHelperPro::getAllCustomFields	4/4	backend/Actions/Trello/Hooks.php	free<2.7.8	no	4	exact	ok
btcbi_trello_store_custom_fields	action	10	5	BitApps\IntegrationsPro\Actions\Trello\TrelloHelperPro::storeCustomFields	5/5	backend/Actions/Trello/Hooks.php	free<2.7.8	no	5	exact	ok
btcbi_whatsapp_send_contact_messages	filter	10	5	BitApps\IntegrationsPro\Actions\WhatsApp\WhatsAppHelperPro::sendContactMessages	5/5	backend/Actions/WhatsApp/Hooks.php	free<2.7.8	no	5	exact	ok
btcbi_whatsapp_send_media_messages	filter	10	5	BitApps\IntegrationsPro\Actions\WhatsApp\WhatsAppHelperPro::sendMediaMessages	5/5	backend/Actions/WhatsApp/Hooks.php	free<2.7.8	no	5	exact	ok
btcbi_whatsapp_send_text_messages	filter	10	5	BitApps\IntegrationsPro\Actions\WhatsApp\WhatsAppHelperPro::sendTextMessages	5/5	backend/Actions/WhatsApp/Hooks.php	free<2.7.8	no	5	exact	ok
btcbi_wishlist_add_member_to_level	filter	10	3	BitApps\IntegrationsPro\Actions\WishlistMember\WishlistMemberHelperPro::addMemberToLevel	3/3	backend/Actions/WishlistMember/Hooks.php	free<2.7.8	no	3	exact	ok
btcbi_wishlist_create_member	filter	10	4	BitApps\IntegrationsPro\Actions\WishlistMember\WishlistMemberHelperPro::createMember	2/4	backend/Actions/WishlistMember/Hooks.php	free<2.7.8	no	4	exact	ok
btcbi_wishlist_delete_level	filter	10	2	BitApps\IntegrationsPro\Actions\WishlistMember\WishlistMemberHelperPro::deleteLevel	2/2	backend/Actions/WishlistMember/Hooks.php	free<2.7.8	no	2	exact	ok
btcbi_wishlist_delete_member	filter	10	2	BitApps\IntegrationsPro\Actions\WishlistMember\WishlistMemberHelperPro::deleteMember	2/2	backend/Actions/WishlistMember/Hooks.php	free<2.7.8	no	2	exact	ok
btcbi_wishlist_remove_member_from_level	filter	10	3	BitApps\IntegrationsPro\Actions\WishlistMember\WishlistMemberHelperPro::removeMemberFromLevel	3/3	backend/Actions/WishlistMember/Hooks.php	free<2.7.8	no	3	exact	ok
btcbi_wishlist_update_level	filter	10	2	BitApps\IntegrationsPro\Actions\WishlistMember\WishlistMemberHelperPro::updateLevel	2/2	backend/Actions/WishlistMember/Hooks.php	free<2.7.8	no	2	exact	ok
btcbi_wishlist_update_member	filter	10	2	BitApps\IntegrationsPro\Actions\WishlistMember\WishlistMemberHelperPro::updateMember	2/2	backend/Actions/WishlistMember/Hooks.php	free<2.7.8	no	2	exact	ok
btcbi_wpcafe_create_reservation	filter	10	2	BitApps\IntegrationsPro\Actions\WPCafe\WPCafeProHelper::createReservation	2/2	backend/Actions/WPCafe/Hooks.php	free<2.7.8	no	2	exact	ok
btcbi_wpcafe_delete_reservation	filter	10	2	BitApps\IntegrationsPro\Actions\WPCafe\WPCafeProHelper::deleteReservation	2/2	backend/Actions/WPCafe/Hooks.php	free<2.7.8	no	2	exact	ok
btcbi_wpcafe_update_reservation	filter	10	2	BitApps\IntegrationsPro\Actions\WPCafe\WPCafeProHelper::updateReservation	2/2	backend/Actions/WPCafe/Hooks.php	free<2.7.8	no	2	exact	ok
btcbi_zbigin_add_tags_to_records	filter	10	5	BitApps\IntegrationsPro\Actions\ZohoBigin\ZohoBiginHelperPro::addTagsToRecords	5/5	backend/Actions/ZohoBigin/Hooks.php	free<2.7.8	no	5	exact	ok
btcbi_zbigin_get_tags	filter	10	5	BitApps\IntegrationsPro\Actions\ZohoBigin\ZohoBiginHelperPro::getTagList	4/4	backend/Actions/ZohoBigin/Hooks.php	free<2.7.8	no	4	exact	ok
